group,case,kind,metric,value,unit,note
terrain,gen_chunk_ocean,timing,min_ms,2.527000,ms,
terrain,gen_chunk_ocean,timing,median_ms,2.832500,ms,
terrain,gen_chunk_ocean,timing,mean_ms,2.864120,ms,
terrain,gen_chunk_ocean,timing,p95_ms,3.398500,ms,
terrain,gen_chunk_ocean,timing,max_ms,3.398500,ms,
terrain,gen_chunk_ocean,timing,stddev_ms,0.268249,ms,
terrain,gen_chunk_ocean,timing,runs,15.000000,count,
terrain,gen_chunk_ocean,timing,ops_per_run,1.000000,chunk,
terrain,gen_chunk_ocean,timing,per_op_us,2832.500000,us/chunk,
terrain,gen_chunk_ocean,timing,ops_per_sec,353.045013,chunk/s,
terrain,gen_chunk_ocean,counter,surface_y,86.000000,block,
terrain,gen_chunk_ocean,counter,chunk_y_section,2.000000,,
terrain,gen_chunk_ocean,counter,non_air_blocks,32302.000000,blocks,
terrain,gen_chunk_ocean,counter,palette_entries,8.000000,,
terrain,gen_chunk_ocean,counter,bits_per_index,4.000000,,
terrain,gen_chunk_ocean,counter,storage_heap,49184.000000,bytes,
terrain,gen_chunk_beach,timing,min_ms,0.797000,ms,
terrain,gen_chunk_beach,timing,median_ms,0.813400,ms,
terrain,gen_chunk_beach,timing,mean_ms,0.823927,ms,
terrain,gen_chunk_beach,timing,p95_ms,0.901500,ms,
terrain,gen_chunk_beach,timing,max_ms,0.901500,ms,
terrain,gen_chunk_beach,timing,stddev_ms,0.032596,ms,
terrain,gen_chunk_beach,timing,runs,15.000000,count,
terrain,gen_chunk_beach,timing,ops_per_run,1.000000,chunk,
terrain,gen_chunk_beach,timing,per_op_us,813.400000,us/chunk,
terrain,gen_chunk_beach,timing,ops_per_sec,1229.407426,chunk/s,
terrain,gen_chunk_beach,counter,surface_y,97.000000,block,
terrain,gen_chunk_beach,counter,chunk_y_section,3.000000,,
terrain,gen_chunk_beach,counter,non_air_blocks,3727.000000,blocks,
terrain,gen_chunk_beach,counter,palette_entries,8.000000,,
terrain,gen_chunk_beach,counter,bits_per_index,4.000000,,
terrain,gen_chunk_beach,counter,storage_heap,49184.000000,bytes,
terrain,gen_chunk_plains,timing,min_ms,1.678000,ms,
terrain,gen_chunk_plains,timing,median_ms,1.714900,ms,
terrain,gen_chunk_plains,timing,mean_ms,1.732960,ms,
terrain,gen_chunk_plains,timing,p95_ms,1.875500,ms,
terrain,gen_chunk_plains,timing,max_ms,1.875500,ms,
terrain,gen_chunk_plains,timing,stddev_ms,0.052587,ms,
terrain,gen_chunk_plains,timing,runs,15.000000,count,
terrain,gen_chunk_plains,timing,ops_per_run,1.000000,chunk,
terrain,gen_chunk_plains,timing,per_op_us,1714.900000,us/chunk,
terrain,gen_chunk_plains,timing,ops_per_sec,583.124380,chunk/s,
terrain,gen_chunk_plains,counter,surface_y,120.000000,block,
terrain,gen_chunk_plains,counter,chunk_y_section,3.000000,,
terrain,gen_chunk_plains,counter,non_air_blocks,19687.000000,blocks,
terrain,gen_chunk_plains,counter,palette_entries,6.000000,,
terrain,gen_chunk_plains,counter,bits_per_index,4.000000,,
terrain,gen_chunk_plains,counter,storage_heap,49184.000000,bytes,
terrain,gen_chunk_forest,timing,min_ms,0.896100,ms,
terrain,gen_chunk_forest,timing,median_ms,0.980600,ms,
terrain,gen_chunk_forest,timing,mean_ms,0.988933,ms,
terrain,gen_chunk_forest,timing,p95_ms,1.109000,ms,
terrain,gen_chunk_forest,timing,max_ms,1.109000,ms,
terrain,gen_chunk_forest,timing,stddev_ms,0.057172,ms,
terrain,gen_chunk_forest,timing,runs,15.000000,count,
terrain,gen_chunk_forest,timing,ops_per_run,1.000000,chunk,
terrain,gen_chunk_forest,timing,per_op_us,980.600000,us/chunk,
terrain,gen_chunk_forest,timing,ops_per_sec,1019.783806,chunk/s,
terrain,gen_chunk_forest,counter,surface_y,131.000000,block,
terrain,gen_chunk_forest,counter,chunk_y_section,4.000000,,
terrain,gen_chunk_forest,counter,non_air_blocks,4316.000000,blocks,
terrain,gen_chunk_forest,counter,palette_entries,7.000000,,
terrain,gen_chunk_forest,counter,bits_per_index,4.000000,,
terrain,gen_chunk_forest,counter,storage_heap,49184.000000,bytes,
terrain,gen_chunk_desert,timing,min_ms,0.851500,ms,
terrain,gen_chunk_desert,timing,median_ms,0.875100,ms,
terrain,gen_chunk_desert,timing,mean_ms,0.911547,ms,
terrain,gen_chunk_desert,timing,p95_ms,1.081000,ms,
terrain,gen_chunk_desert,timing,max_ms,1.081000,ms,
terrain,gen_chunk_desert,timing,stddev_ms,0.069143,ms,
terrain,gen_chunk_desert,timing,runs,15.000000,count,
terrain,gen_chunk_desert,timing,ops_per_run,1.000000,chunk,
terrain,gen_chunk_desert,timing,per_op_us,875.100000,us/chunk,
terrain,gen_chunk_desert,timing,ops_per_sec,1142.726546,chunk/s,
terrain,gen_chunk_desert,counter,surface_y,99.000000,block,
terrain,gen_chunk_desert,counter,chunk_y_section,3.000000,,
terrain,gen_chunk_desert,counter,non_air_blocks,5336.000000,blocks,
terrain,gen_chunk_desert,counter,palette_entries,8.000000,,
terrain,gen_chunk_desert,counter,bits_per_index,4.000000,,
terrain,gen_chunk_desert,counter,storage_heap,49184.000000,bytes,
terrain,gen_chunk_mountains,timing,min_ms,1.380800,ms,
terrain,gen_chunk_mountains,timing,median_ms,1.393500,ms,
terrain,gen_chunk_mountains,timing,mean_ms,1.444427,ms,
terrain,gen_chunk_mountains,timing,p95_ms,1.701000,ms,
terrain,gen_chunk_mountains,timing,max_ms,1.701000,ms,
terrain,gen_chunk_mountains,timing,stddev_ms,0.091492,ms,
terrain,gen_chunk_mountains,timing,runs,15.000000,count,
terrain,gen_chunk_mountains,timing,ops_per_run,1.000000,chunk,
terrain,gen_chunk_mountains,timing,per_op_us,1393.500000,us/chunk,
terrain,gen_chunk_mountains,timing,ops_per_sec,717.617510,chunk/s,
terrain,gen_chunk_mountains,counter,surface_y,158.000000,block,
terrain,gen_chunk_mountains,counter,chunk_y_section,4.000000,,
terrain,gen_chunk_mountains,counter,non_air_blocks,14463.000000,blocks,
terrain,gen_chunk_mountains,counter,palette_entries,5.000000,,
terrain,gen_chunk_mountains,counter,bits_per_index,4.000000,,
terrain,gen_chunk_mountains,counter,storage_heap,49184.000000,bytes,
terrain,gen_chunk_snowy,timing,min_ms,1.277800,ms,
terrain,gen_chunk_snowy,timing,median_ms,1.372000,ms,
terrain,gen_chunk_snowy,timing,mean_ms,1.410013,ms,
terrain,gen_chunk_snowy,timing,p95_ms,1.798000,ms,
terrain,gen_chunk_snowy,timing,max_ms,1.798000,ms,
terrain,gen_chunk_snowy,timing,stddev_ms,0.132592,ms,
terrain,gen_chunk_snowy,timing,runs,15.000000,count,
terrain,gen_chunk_snowy,timing,ops_per_run,1.000000,chunk,
terrain,gen_chunk_snowy,timing,per_op_us,1372.000000,us/chunk,
terrain,gen_chunk_snowy,timing,ops_per_sec,728.862974,chunk/s,
terrain,gen_chunk_snowy,counter,surface_y,109.000000,block,
terrain,gen_chunk_snowy,counter,chunk_y_section,3.000000,,
terrain,gen_chunk_snowy,counter,non_air_blocks,14991.000000,blocks,
terrain,gen_chunk_snowy,counter,palette_entries,7.000000,,
terrain,gen_chunk_snowy,counter,bits_per_index,4.000000,,
terrain,gen_chunk_snowy,counter,storage_heap,49184.000000,bytes,
terrain,gen_lod0,timing,min_ms,1.666300,ms,
terrain,gen_lod0,timing,median_ms,1.807800,ms,
terrain,gen_lod0,timing,mean_ms,1.833413,ms,
terrain,gen_lod0,timing,p95_ms,2.124200,ms,
terrain,gen_lod0,timing,max_ms,2.124200,ms,
terrain,gen_lod0,timing,stddev_ms,0.145665,ms,
terrain,gen_lod0,timing,runs,15.000000,count,
terrain,gen_lod0,timing,ops_per_run,1.000000,chunk,
terrain,gen_lod0,timing,per_op_us,1807.800000,us/chunk,
terrain,gen_lod0,timing,ops_per_sec,553.158535,chunk/s,
terrain,gen_lod0,counter,cells_per_chunk,32768.000000,,
terrain,gen_lod0,counter,cell_size,1.000000,blocks,
terrain,gen_lod0,counter,non_air_blocks,19687.000000,blocks,
terrain,gen_lod1,timing,min_ms,0.549100,ms,
terrain,gen_lod1,timing,median_ms,0.566800,ms,
terrain,gen_lod1,timing,mean_ms,0.584620,ms,
terrain,gen_lod1,timing,p95_ms,0.841000,ms,
terrain,gen_lod1,timing,max_ms,0.841000,ms,
terrain,gen_lod1,timing,stddev_ms,0.072191,ms,
terrain,gen_lod1,timing,runs,15.000000,count,
terrain,gen_lod1,timing,ops_per_run,1.000000,chunk,
terrain,gen_lod1,timing,per_op_us,566.800000,us/chunk,
terrain,gen_lod1,timing,ops_per_sec,1764.290755,chunk/s,
terrain,gen_lod1,counter,cells_per_chunk,4096.000000,,
terrain,gen_lod1,counter,cell_size,2.000000,blocks,
terrain,gen_lod1,counter,non_air_blocks,19272.000000,blocks,
terrain,gen_lod2,timing,min_ms,0.213800,ms,
terrain,gen_lod2,timing,median_ms,0.219900,ms,
terrain,gen_lod2,timing,mean_ms,0.230460,ms,
terrain,gen_lod2,timing,p95_ms,0.303500,ms,
terrain,gen_lod2,timing,max_ms,0.303500,ms,
terrain,gen_lod2,timing,stddev_ms,0.023697,ms,
terrain,gen_lod2,timing,runs,15.000000,count,
terrain,gen_lod2,timing,ops_per_run,1.000000,chunk,
terrain,gen_lod2,timing,per_op_us,219.900000,us/chunk,
terrain,gen_lod2,timing,ops_per_sec,4547.521601,chunk/s,
terrain,gen_lod2,counter,cells_per_chunk,512.000000,,
terrain,gen_lod2,counter,cell_size,4.000000,blocks,
terrain,gen_lod2,counter,non_air_blocks,19136.000000,blocks,
terrain,gen_lod3,timing,min_ms,0.202700,ms,
terrain,gen_lod3,timing,median_ms,0.209800,ms,
terrain,gen_lod3,timing,mean_ms,0.209740,ms,
terrain,gen_lod3,timing,p95_ms,0.213000,ms,
terrain,gen_lod3,timing,max_ms,0.213000,ms,
terrain,gen_lod3,timing,stddev_ms,0.002341,ms,
terrain,gen_lod3,timing,runs,15.000000,count,
terrain,gen_lod3,timing,ops_per_run,1.000000,chunk,
terrain,gen_lod3,timing,per_op_us,209.800000,us/chunk,
terrain,gen_lod3,timing,ops_per_sec,4766.444233,chunk/s,
terrain,gen_lod3,counter,cells_per_chunk,64.000000,,
terrain,gen_lod3,counter,cell_size,8.000000,blocks,
terrain,gen_lod3,counter,non_air_blocks,19456.000000,blocks,
terrain,gen_batch_single_thread,timing,min_ms,197.008600,ms,
terrain,gen_batch_single_thread,timing,median_ms,201.345800,ms,
terrain,gen_batch_single_thread,timing,mean_ms,200.211843,ms,
terrain,gen_batch_single_thread,timing,p95_ms,203.803900,ms,
terrain,gen_batch_single_thread,timing,max_ms,203.803900,ms,
terrain,gen_batch_single_thread,timing,stddev_ms,2.548899,ms,
terrain,gen_batch_single_thread,timing,runs,7.000000,count,
terrain,gen_batch_single_thread,timing,ops_per_run,256.000000,chunk,
terrain,gen_batch_single_thread,timing,per_op_us,786.507031,us/chunk,
terrain,gen_batch_single_thread,timing,ops_per_sec,1271.444450,chunk/s,
terrain,gen_batch_single_thread,counter,chunks_per_run,256.000000,chunks,
terrain,gen_batch_job_system,timing,min_ms,22.145200,ms,
terrain,gen_batch_job_system,timing,median_ms,22.444600,ms,
terrain,gen_batch_job_system,timing,mean_ms,22.479271,ms,
terrain,gen_batch_job_system,timing,p95_ms,22.829800,ms,
terrain,gen_batch_job_system,timing,max_ms,22.829800,ms,
terrain,gen_batch_job_system,timing,stddev_ms,0.243323,ms,
terrain,gen_batch_job_system,timing,runs,7.000000,count,
terrain,gen_batch_job_system,timing,ops_per_run,256.000000,chunk,
terrain,gen_batch_job_system,timing,per_op_us,87.674219,us/chunk,
terrain,gen_batch_job_system,timing,ops_per_sec,11405.861544,chunk/s,
terrain,gen_batch_job_system,counter,worker_threads,19.000000,,
terrain,gen_batch_job_system,counter,chunks_per_run,256.000000,chunks,
terrain,gen_batch_job_system,note,note,,,"one job per chunk, JobPriority::Normal, timed to waitIdle()"
meshing,greedy_plains_surface,timing,min_ms,0.723900,ms,
meshing,greedy_plains_surface,timing,median_ms,0.748500,ms,
meshing,greedy_plains_surface,timing,mean_ms,0.798243,ms,
meshing,greedy_plains_surface,timing,p95_ms,0.996200,ms,
meshing,greedy_plains_surface,timing,max_ms,1.078500,ms,
meshing,greedy_plains_surface,timing,stddev_ms,0.102433,ms,
meshing,greedy_plains_surface,timing,runs,21.000000,count,
meshing,greedy_plains_surface,timing,ops_per_run,1.000000,chunk,
meshing,greedy_plains_surface,timing,per_op_us,748.500000,us/chunk,
meshing,greedy_plains_surface,timing,ops_per_sec,1336.005344,chunk/s,
meshing,greedy_plains_surface,counter,solid_blocks,19687.000000,blocks,
meshing,greedy_plains_surface,counter,naive_faces,118122.000000,faces,
meshing,greedy_plains_surface,counter,faces_after_culling,3564.000000,faces,
meshing,greedy_plains_surface,counter,quads_emitted,2968.000000,quads,
meshing,greedy_plains_surface,counter,skirt_quads,0.000000,quads,
meshing,greedy_plains_surface,counter,merge_ratio,1.200809,faces/quad,
meshing,greedy_plains_surface,counter,total_reduction,39.798518,naive/quad,
meshing,greedy_plains_surface,counter,triangles,5936.000000,tris,
meshing,greedy_plains_surface,counter,vertices,11872.000000,verts,
meshing,greedy_plains_surface,counter,mesh_bytes,166208.000000,bytes,
meshing,greedy_dense_caves,timing,min_ms,0.724600,ms,
meshing,greedy_dense_caves,timing,median_ms,0.749400,ms,
meshing,greedy_dense_caves,timing,mean_ms,0.757971,ms,
meshing,greedy_dense_caves,timing,p95_ms,0.805800,ms,
meshing,greedy_dense_caves,timing,max_ms,0.891600,ms,
meshing,greedy_dense_caves,timing,stddev_ms,0.035666,ms,
meshing,greedy_dense_caves,timing,runs,21.000000,count,
meshing,greedy_dense_caves,timing,ops_per_run,1.000000,chunk,
meshing,greedy_dense_caves,timing,per_op_us,749.400000,us/chunk,
meshing,greedy_dense_caves,timing,ops_per_sec,1334.400854,chunk/s,
meshing,greedy_dense_caves,counter,solid_blocks,30715.000000,blocks,
meshing,greedy_dense_caves,counter,naive_faces,184290.000000,faces,
meshing,greedy_dense_caves,counter,faces_after_culling,2916.000000,faces,
meshing,greedy_dense_caves,counter,quads_emitted,2566.000000,quads,
meshing,greedy_dense_caves,counter,skirt_quads,0.000000,quads,
meshing,greedy_dense_caves,counter,merge_ratio,1.136399,faces/quad,
meshing,greedy_dense_caves,counter,total_reduction,71.819953,naive/quad,
meshing,greedy_dense_caves,counter,triangles,5132.000000,tris,
meshing,greedy_dense_caves,counter,vertices,10264.000000,verts,
meshing,greedy_dense_caves,counter,mesh_bytes,143696.000000,bytes,
meshing,greedy_solid_chunk,timing,min_ms,0.409300,ms,
meshing,greedy_solid_chunk,timing,median_ms,0.418500,ms,
meshing,greedy_solid_chunk,timing,mean_ms,0.420252,ms,
meshing,greedy_solid_chunk,timing,p95_ms,0.439200,ms,
meshing,greedy_solid_chunk,timing,max_ms,0.449900,ms,
meshing,greedy_solid_chunk,timing,stddev_ms,0.010075,ms,
meshing,greedy_solid_chunk,timing,runs,21.000000,count,
meshing,greedy_solid_chunk,timing,ops_per_run,1.000000,chunk,
meshing,greedy_solid_chunk,timing,per_op_us,418.500000,us/chunk,
meshing,greedy_solid_chunk,timing,ops_per_sec,2389.486260,chunk/s,
meshing,greedy_solid_chunk,counter,solid_blocks,32768.000000,blocks,
meshing,greedy_solid_chunk,counter,naive_faces,196608.000000,faces,
meshing,greedy_solid_chunk,counter,faces_after_culling,6144.000000,faces,
meshing,greedy_solid_chunk,counter,quads_emitted,6.000000,quads,
meshing,greedy_solid_chunk,counter,skirt_quads,0.000000,quads,
meshing,greedy_solid_chunk,counter,merge_ratio,1024.000000,faces/quad,
meshing,greedy_solid_chunk,counter,total_reduction,32768.000000,naive/quad,
meshing,greedy_solid_chunk,counter,triangles,12.000000,tris,
meshing,greedy_solid_chunk,counter,vertices,24.000000,verts,
meshing,greedy_solid_chunk,counter,mesh_bytes,336.000000,bytes,
meshing,greedy_checkerboard,timing,min_ms,5.726100,ms,
meshing,greedy_checkerboard,timing,median_ms,6.346300,ms,
meshing,greedy_checkerboard,timing,mean_ms,6.286710,ms,
meshing,greedy_checkerboard,timing,p95_ms,6.957500,ms,
meshing,greedy_checkerboard,timing,max_ms,7.364000,ms,
meshing,greedy_checkerboard,timing,stddev_ms,0.427209,ms,
meshing,greedy_checkerboard,timing,runs,21.000000,count,
meshing,greedy_checkerboard,timing,ops_per_run,1.000000,chunk,
meshing,greedy_checkerboard,timing,per_op_us,6346.300000,us/chunk,
meshing,greedy_checkerboard,timing,ops_per_sec,157.572129,chunk/s,
meshing,greedy_checkerboard,counter,solid_blocks,16384.000000,blocks,
meshing,greedy_checkerboard,counter,naive_faces,98304.000000,faces,
meshing,greedy_checkerboard,counter,faces_after_culling,98304.000000,faces,
meshing,greedy_checkerboard,counter,quads_emitted,98304.000000,quads,
meshing,greedy_checkerboard,counter,skirt_quads,0.000000,quads,
meshing,greedy_checkerboard,counter,merge_ratio,1.000000,faces/quad,
meshing,greedy_checkerboard,counter,total_reduction,1.000000,naive/quad,
meshing,greedy_checkerboard,counter,triangles,196608.000000,tris,
meshing,greedy_checkerboard,counter,vertices,393216.000000,verts,
meshing,greedy_checkerboard,counter,mesh_bytes,5505024.000000,bytes,
meshing,greedy_lod0,timing,min_ms,0.743400,ms,
meshing,greedy_lod0,timing,median_ms,0.772600,ms,
meshing,greedy_lod0,timing,mean_ms,0.770210,ms,
meshing,greedy_lod0,timing,p95_ms,0.790100,ms,
meshing,greedy_lod0,timing,max_ms,0.794600,ms,
meshing,greedy_lod0,timing,stddev_ms,0.015215,ms,
meshing,greedy_lod0,timing,runs,21.000000,count,
meshing,greedy_lod0,timing,ops_per_run,1.000000,chunk,
meshing,greedy_lod0,timing,per_op_us,772.600000,us/chunk,
meshing,greedy_lod0,timing,ops_per_sec,1294.330831,chunk/s,
meshing,greedy_lod0,counter,solid_blocks,19687.000000,blocks,
meshing,greedy_lod0,counter,naive_faces,118122.000000,faces,
meshing,greedy_lod0,counter,faces_after_culling,3564.000000,faces,
meshing,greedy_lod0,counter,quads_emitted,2968.000000,quads,
meshing,greedy_lod0,counter,skirt_quads,0.000000,quads,
meshing,greedy_lod0,counter,merge_ratio,1.200809,faces/quad,
meshing,greedy_lod0,counter,total_reduction,39.798518,naive/quad,
meshing,greedy_lod0,counter,triangles,5936.000000,tris,
meshing,greedy_lod0,counter,vertices,11872.000000,verts,
meshing,greedy_lod0,counter,mesh_bytes,166208.000000,bytes,
meshing,greedy_lod1,timing,min_ms,0.431000,ms,
meshing,greedy_lod1,timing,median_ms,0.440600,ms,
meshing,greedy_lod1,timing,mean_ms,0.446519,ms,
meshing,greedy_lod1,timing,p95_ms,0.483600,ms,
meshing,greedy_lod1,timing,max_ms,0.537900,ms,
meshing,greedy_lod1,timing,stddev_ms,0.023489,ms,
meshing,greedy_lod1,timing,runs,21.000000,count,
meshing,greedy_lod1,timing,ops_per_run,1.000000,chunk,
meshing,greedy_lod1,timing,per_op_us,440.600000,us/chunk,
meshing,greedy_lod1,timing,ops_per_sec,2269.632320,chunk/s,
meshing,greedy_lod1,counter,solid_blocks,19272.000000,blocks,
meshing,greedy_lod1,counter,naive_faces,115632.000000,faces,
meshing,greedy_lod1,counter,faces_after_culling,866.000000,faces,
meshing,greedy_lod1,counter,quads_emitted,759.000000,quads,
meshing,greedy_lod1,counter,skirt_quads,0.000000,quads,
meshing,greedy_lod1,counter,merge_ratio,1.140975,faces/quad,
meshing,greedy_lod1,counter,total_reduction,152.347826,naive/quad,
meshing,greedy_lod1,counter,triangles,1518.000000,tris,
meshing,greedy_lod1,counter,vertices,3036.000000,verts,
meshing,greedy_lod1,counter,mesh_bytes,42504.000000,bytes,
meshing,greedy_lod2,timing,min_ms,0.404300,ms,
meshing,greedy_lod2,timing,median_ms,0.412400,ms,
meshing,greedy_lod2,timing,mean_ms,0.434743,ms,
meshing,greedy_lod2,timing,p95_ms,0.458900,ms,
meshing,greedy_lod2,timing,max_ms,0.743000,ms,
meshing,greedy_lod2,timing,stddev_ms,0.072431,ms,
meshing,greedy_lod2,timing,runs,21.000000,count,
meshing,greedy_lod2,timing,ops_per_run,1.000000,chunk,
meshing,greedy_lod2,timing,per_op_us,412.400000,us/chunk,
meshing,greedy_lod2,timing,ops_per_sec,2424.830262,chunk/s,
meshing,greedy_lod2,counter,solid_blocks,19136.000000,blocks,
meshing,greedy_lod2,counter,naive_faces,114816.000000,faces,
meshing,greedy_lod2,counter,faces_after_culling,152.000000,faces,
meshing,greedy_lod2,counter,quads_emitted,133.000000,quads,
meshing,greedy_lod2,counter,skirt_quads,0.000000,quads,
meshing,greedy_lod2,counter,merge_ratio,1.142857,faces/quad,
meshing,greedy_lod2,counter,total_reduction,863.278195,naive/quad,
meshing,greedy_lod2,counter,triangles,266.000000,tris,
meshing,greedy_lod2,counter,vertices,532.000000,verts,
meshing,greedy_lod2,counter,mesh_bytes,7448.000000,bytes,
meshing,greedy_lod3,timing,min_ms,0.657300,ms,
meshing,greedy_lod3,timing,median_ms,0.700200,ms,
meshing,greedy_lod3,timing,mean_ms,0.697424,ms,
meshing,greedy_lod3,timing,p95_ms,0.734500,ms,
meshing,greedy_lod3,timing,max_ms,0.787000,ms,
meshing,greedy_lod3,timing,stddev_ms,0.027969,ms,
meshing,greedy_lod3,timing,runs,21.000000,count,
meshing,greedy_lod3,timing,ops_per_run,1.000000,chunk,
meshing,greedy_lod3,timing,per_op_us,700.200000,us/chunk,
meshing,greedy_lod3,timing,ops_per_sec,1428.163382,chunk/s,
meshing,greedy_lod3,counter,solid_blocks,19456.000000,blocks,
meshing,greedy_lod3,counter,naive_faces,116736.000000,faces,
meshing,greedy_lod3,counter,faces_after_culling,37.000000,faces,
meshing,greedy_lod3,counter,quads_emitted,34.000000,quads,
meshing,greedy_lod3,counter,skirt_quads,0.000000,quads,
meshing,greedy_lod3,counter,merge_ratio,1.088235,faces/quad,
meshing,greedy_lod3,counter,total_reduction,3433.411765,naive/quad,
meshing,greedy_lod3,counter,triangles,68.000000,tris,
meshing,greedy_lod3,counter,vertices,136.000000,verts,
meshing,greedy_lod3,counter,mesh_bytes,1904.000000,bytes,
meshing,greedy_lod1_beside_lod0,timing,min_ms,0.326000,ms,
meshing,greedy_lod1_beside_lod0,timing,median_ms,0.335500,ms,
meshing,greedy_lod1_beside_lod0,timing,mean_ms,0.348757,ms,
meshing,greedy_lod1_beside_lod0,timing,p95_ms,0.382800,ms,
meshing,greedy_lod1_beside_lod0,timing,max_ms,0.564700,ms,
meshing,greedy_lod1_beside_lod0,timing,stddev_ms,0.051213,ms,
meshing,greedy_lod1_beside_lod0,timing,runs,21.000000,count,
meshing,greedy_lod1_beside_lod0,timing,ops_per_run,1.000000,chunk,
meshing,greedy_lod1_beside_lod0,timing,per_op_us,335.500000,us/chunk,
meshing,greedy_lod1_beside_lod0,timing,ops_per_sec,2980.625931,chunk/s,
meshing,greedy_lod1_beside_lod0,counter,solid_blocks,19272.000000,blocks,
meshing,greedy_lod1_beside_lod0,counter,naive_faces,115632.000000,faces,
meshing,greedy_lod1_beside_lod0,counter,faces_after_culling,1672.000000,faces,
meshing,greedy_lod1_beside_lod0,counter,quads_emitted,838.000000,quads,
meshing,greedy_lod1_beside_lod0,counter,skirt_quads,24.000000,quads,
meshing,greedy_lod1_beside_lod0,counter,merge_ratio,1.995227,faces/quad,
meshing,greedy_lod1_beside_lod0,counter,total_reduction,137.985680,naive/quad,
meshing,greedy_lod1_beside_lod0,counter,triangles,1676.000000,tris,
meshing,greedy_lod1_beside_lod0,counter,vertices,3352.000000,verts,
meshing,greedy_lod1_beside_lod0,counter,mesh_bytes,46928.000000,bytes,
meshing,greedy_lod2_beside_lod1,timing,min_ms,0.205100,ms,
meshing,greedy_lod2_beside_lod1,timing,median_ms,0.207200,ms,
meshing,greedy_lod2_beside_lod1,timing,mean_ms,0.210290,ms,
meshing,greedy_lod2_beside_lod1,timing,p95_ms,0.219700,ms,
meshing,greedy_lod2_beside_lod1,timing,max_ms,0.234800,ms,
meshing,greedy_lod2_beside_lod1,timing,stddev_ms,0.007085,ms,
meshing,greedy_lod2_beside_lod1,timing,runs,21.000000,count,
meshing,greedy_lod2_beside_lod1,timing,ops_per_run,1.000000,chunk,
meshing,greedy_lod2_beside_lod1,timing,per_op_us,207.200000,us/chunk,
meshing,greedy_lod2_beside_lod1,timing,ops_per_sec,4826.254826,chunk/s,
meshing,greedy_lod2_beside_lod1,counter,solid_blocks,19136.000000,blocks,
meshing,greedy_lod2_beside_lod1,counter,naive_faces,114816.000000,faces,
meshing,greedy_lod2_beside_lod1,counter,faces_after_culling,350.000000,faces,
meshing,greedy_lod2_beside_lod1,counter,quads_emitted,177.000000,quads,
meshing,greedy_lod2_beside_lod1,counter,skirt_quads,15.000000,quads,
meshing,greedy_lod2_beside_lod1,counter,merge_ratio,1.977401,faces/quad,
meshing,greedy_lod2_beside_lod1,counter,total_reduction,648.677966,naive/quad,
meshing,greedy_lod2_beside_lod1,counter,triangles,354.000000,tris,
meshing,greedy_lod2_beside_lod1,counter,vertices,708.000000,verts,
meshing,greedy_lod2_beside_lod1,counter,mesh_bytes,9912.000000,bytes,
subvoxel,mesh_damage_0,timing,min_ms,0.002000,ms,
subvoxel,mesh_damage_0,timing,median_ms,0.002100,ms,
subvoxel,mesh_damage_0,timing,mean_ms,0.002067,ms,
subvoxel,mesh_damage_0,timing,p95_ms,0.002100,ms,
subvoxel,mesh_damage_0,timing,max_ms,0.002100,ms,
subvoxel,mesh_damage_0,timing,stddev_ms,0.000048,ms,
subvoxel,mesh_damage_0,timing,runs,21.000000,count,
subvoxel,mesh_damage_0,timing,ops_per_run,1024.000000,chunk,
subvoxel,mesh_damage_0,timing,per_op_us,0.002051,us/chunk,
subvoxel,mesh_damage_0,timing,ops_per_sec,487619047.619048,chunk/s,
subvoxel,mesh_damage_0,counter,store_entries,0.000000,blocks,
subvoxel,mesh_damage_0,counter,store_heap,0.000000,bytes,
subvoxel,mesh_damage_0,counter,sub_voxels_removed,0.000000,sub-voxels,
subvoxel,mesh_damage_0,counter,blocks_meshed,0.000000,blocks,
subvoxel,mesh_damage_0,counter,faces_emitted,0.000000,faces,
subvoxel,mesh_damage_0,counter,quads_emitted,0.000000,quads,
subvoxel,mesh_damage_0,counter,merge_ratio,0.000000,faces/quad,
subvoxel,mesh_damage_0,counter,triangles,0.000000,tris,
subvoxel,mesh_damage_0,counter,mesh_bytes,0.000000,bytes,
subvoxel,mesh_damage_0,note,note,,,median is below the harness's reliability floor - read it as an upper bound on a cost that clock granularity and loop hoisting cannot separate from zero
subvoxel,mesh_damage_1,timing,min_ms,0.005400,ms,
subvoxel,mesh_damage_1,timing,median_ms,0.005500,ms,
subvoxel,mesh_damage_1,timing,mean_ms,0.005538,ms,
subvoxel,mesh_damage_1,timing,p95_ms,0.005600,ms,
subvoxel,mesh_damage_1,timing,max_ms,0.006300,ms,
subvoxel,mesh_damage_1,timing,stddev_ms,0.000186,ms,
subvoxel,mesh_damage_1,timing,runs,21.000000,count,
subvoxel,mesh_damage_1,timing,ops_per_run,1.000000,damaged block,
subvoxel,mesh_damage_1,timing,per_op_us,5.500000,us/damaged block,
subvoxel,mesh_damage_1,timing,ops_per_sec,181818.181818,damaged block/s,
subvoxel,mesh_damage_1,counter,store_entries,1.000000,blocks,
subvoxel,mesh_damage_1,counter,store_heap,80.000000,bytes,
subvoxel,mesh_damage_1,counter,sub_voxels_removed,64.000000,sub-voxels,
subvoxel,mesh_damage_1,counter,blocks_meshed,1.000000,blocks,
subvoxel,mesh_damage_1,counter,faces_emitted,48.000000,faces,
subvoxel,mesh_damage_1,counter,quads_emitted,3.000000,quads,
subvoxel,mesh_damage_1,counter,merge_ratio,16.000000,faces/quad,
subvoxel,mesh_damage_1,counter,triangles,6.000000,tris,
subvoxel,mesh_damage_1,counter,mesh_bytes,168.000000,bytes,
subvoxel,mesh_damage_4,timing,min_ms,0.021700,ms,
subvoxel,mesh_damage_4,timing,median_ms,0.021800,ms,
subvoxel,mesh_damage_4,timing,mean_ms,0.021862,ms,
subvoxel,mesh_damage_4,timing,p95_ms,0.021900,ms,
subvoxel,mesh_damage_4,timing,max_ms,0.022600,ms,
subvoxel,mesh_damage_4,timing,stddev_ms,0.000177,ms,
subvoxel,mesh_damage_4,timing,runs,21.000000,count,
subvoxel,mesh_damage_4,timing,ops_per_run,4.000000,damaged block,
subvoxel,mesh_damage_4,timing,per_op_us,5.450000,us/damaged block,
subvoxel,mesh_damage_4,timing,ops_per_sec,183486.238532,damaged block/s,
subvoxel,mesh_damage_4,counter,store_entries,4.000000,blocks,
subvoxel,mesh_damage_4,counter,store_heap,320.000000,bytes,
subvoxel,mesh_damage_4,counter,sub_voxels_removed,256.000000,sub-voxels,
subvoxel,mesh_damage_4,counter,blocks_meshed,4.000000,blocks,
subvoxel,mesh_damage_4,counter,faces_emitted,192.000000,faces,
subvoxel,mesh_damage_4,counter,quads_emitted,12.000000,quads,
subvoxel,mesh_damage_4,counter,merge_ratio,16.000000,faces/quad,
subvoxel,mesh_damage_4,counter,triangles,24.000000,tris,
subvoxel,mesh_damage_4,counter,mesh_bytes,672.000000,bytes,
subvoxel,mesh_damage_16,timing,min_ms,0.087300,ms,
subvoxel,mesh_damage_16,timing,median_ms,0.087800,ms,
subvoxel,mesh_damage_16,timing,mean_ms,0.096386,ms,
subvoxel,mesh_damage_16,timing,p95_ms,0.115300,ms,
subvoxel,mesh_damage_16,timing,max_ms,0.182800,ms,
subvoxel,mesh_damage_16,timing,stddev_ms,0.021813,ms,
subvoxel,mesh_damage_16,timing,runs,21.000000,count,
subvoxel,mesh_damage_16,timing,ops_per_run,16.000000,damaged block,
subvoxel,mesh_damage_16,timing,per_op_us,5.487500,us/damaged block,
subvoxel,mesh_damage_16,timing,ops_per_sec,182232.346241,damaged block/s,
subvoxel,mesh_damage_16,counter,store_entries,16.000000,blocks,
subvoxel,mesh_damage_16,counter,store_heap,1280.000000,bytes,
subvoxel,mesh_damage_16,counter,sub_voxels_removed,1024.000000,sub-voxels,
subvoxel,mesh_damage_16,counter,blocks_meshed,16.000000,blocks,
subvoxel,mesh_damage_16,counter,faces_emitted,768.000000,faces,
subvoxel,mesh_damage_16,counter,quads_emitted,48.000000,quads,
subvoxel,mesh_damage_16,counter,merge_ratio,16.000000,faces/quad,
subvoxel,mesh_damage_16,counter,triangles,96.000000,tris,
subvoxel,mesh_damage_16,counter,mesh_bytes,2688.000000,bytes,
subvoxel,mesh_damage_64,timing,min_ms,0.359100,ms,
subvoxel,mesh_damage_64,timing,median_ms,0.395500,ms,
subvoxel,mesh_damage_64,timing,mean_ms,0.423433,ms,
subvoxel,mesh_damage_64,timing,p95_ms,0.522900,ms,
subvoxel,mesh_damage_64,timing,max_ms,0.526400,ms,
subvoxel,mesh_damage_64,timing,stddev_ms,0.068702,ms,
subvoxel,mesh_damage_64,timing,runs,21.000000,count,
subvoxel,mesh_damage_64,timing,ops_per_run,64.000000,damaged block,
subvoxel,mesh_damage_64,timing,per_op_us,6.179688,us/damaged block,
subvoxel,mesh_damage_64,timing,ops_per_sec,161820.480405,damaged block/s,
subvoxel,mesh_damage_64,counter,store_entries,64.000000,blocks,
subvoxel,mesh_damage_64,counter,store_heap,5120.000000,bytes,
subvoxel,mesh_damage_64,counter,sub_voxels_removed,4096.000000,sub-voxels,
subvoxel,mesh_damage_64,counter,blocks_meshed,64.000000,blocks,
subvoxel,mesh_damage_64,counter,faces_emitted,4064.000000,faces,
subvoxel,mesh_damage_64,counter,quads_emitted,254.000000,quads,
subvoxel,mesh_damage_64,counter,merge_ratio,16.000000,faces/quad,
subvoxel,mesh_damage_64,counter,triangles,508.000000,tris,
subvoxel,mesh_damage_64,counter,mesh_bytes,14224.000000,bytes,
subvoxel,mesh_damage_256,timing,min_ms,1.458200,ms,
subvoxel,mesh_damage_256,timing,median_ms,1.566100,ms,
subvoxel,mesh_damage_256,timing,mean_ms,1.592152,ms,
subvoxel,mesh_damage_256,timing,p95_ms,1.753200,ms,
subvoxel,mesh_damage_256,timing,max_ms,1.890200,ms,
subvoxel,mesh_damage_256,timing,stddev_ms,0.120923,ms,
subvoxel,mesh_damage_256,timing,runs,21.000000,count,
subvoxel,mesh_damage_256,timing,ops_per_run,256.000000,damaged block,
subvoxel,mesh_damage_256,timing,per_op_us,6.117578,us/damaged block,
subvoxel,mesh_damage_256,timing,ops_per_sec,163463.380372,damaged block/s,
subvoxel,mesh_damage_256,counter,store_entries,256.000000,blocks,
subvoxel,mesh_damage_256,counter,store_heap,20480.000000,bytes,
subvoxel,mesh_damage_256,counter,sub_voxels_removed,16384.000000,sub-voxels,
subvoxel,mesh_damage_256,counter,blocks_meshed,256.000000,blocks,
subvoxel,mesh_damage_256,counter,faces_emitted,16256.000000,faces,
subvoxel,mesh_damage_256,counter,quads_emitted,1016.000000,quads,
subvoxel,mesh_damage_256,counter,merge_ratio,16.000000,faces/quad,
subvoxel,mesh_damage_256,counter,triangles,2032.000000,tris,
subvoxel,mesh_damage_256,counter,mesh_bytes,56896.000000,bytes,
subvoxel,carve_sub_voxels,timing,min_ms,0.074200,ms,
subvoxel,carve_sub_voxels,timing,median_ms,0.074700,ms,
subvoxel,carve_sub_voxels,timing,mean_ms,0.075276,ms,
subvoxel,carve_sub_voxels,timing,p95_ms,0.080400,ms,
subvoxel,carve_sub_voxels,timing,max_ms,0.083500,ms,
subvoxel,carve_sub_voxels,timing,stddev_ms,0.002284,ms,
subvoxel,carve_sub_voxels,timing,runs,21.000000,count,
subvoxel,carve_sub_voxels,timing,ops_per_run,4096.000000,sub-voxel break,
subvoxel,carve_sub_voxels,timing,per_op_us,0.018237,us/sub-voxel break,
subvoxel,carve_sub_voxels,timing,ops_per_sec,54832663.989290,sub-voxel break/s,
subvoxel,carve_sub_voxels,counter,blocks_damaged,64.000000,blocks,
subvoxel,carve_sub_voxels,note,note,,,"Chunk::breakSubVoxel, including the store insert that materialises each block's grid on first damage"
storage,set_uniform,timing,min_ms,0.082100,ms,
storage,set_uniform,timing,median_ms,0.082100,ms,
storage,set_uniform,timing,mean_ms,0.082314,ms,
storage,set_uniform,timing,p95_ms,0.082800,ms,
storage,set_uniform,timing,max_ms,0.085800,ms,
storage,set_uniform,timing,stddev_ms,0.000813,ms,
storage,set_uniform,timing,runs,21.000000,count,
storage,set_uniform,timing,ops_per_run,32768.000000,voxel,
storage,set_uniform,timing,per_op_us,0.002505,us/voxel,
storage,set_uniform,timing,ops_per_sec,399123020.706456,voxel/s,
storage,set_uniform,counter,bits_per_index,0.000000,,
storage,set_uniform,counter,palette_entries,1.000000,,
storage,set_uniform,counter,heap_bytes,0.000000,bytes,
storage,set_uniform,counter,bytes_per_voxel,0.000000,B/voxel,
storage,set_uniform,note,note,,,"uniform representation: zero heap bytes, the section is one BlockId member; a compression ratio against 64 KiB is unbounded, not zero; uniform: every set() writes the id already resident, so this is the early-out that dominates terrain generation's inner loop, not a packed write"
storage,set_bits1,timing,min_ms,0.096700,ms,
storage,set_bits1,timing,median_ms,0.097000,ms,
storage,set_bits1,timing,mean_ms,0.100576,ms,
storage,set_bits1,timing,p95_ms,0.106700,ms,
storage,set_bits1,timing,max_ms,0.143800,ms,
storage,set_bits1,timing,stddev_ms,0.010321,ms,
storage,set_bits1,timing,runs,21.000000,count,
storage,set_bits1,timing,ops_per_run,32768.000000,voxel,
storage,set_bits1,timing,per_op_us,0.002960,us/voxel,
storage,set_bits1,timing,ops_per_sec,337814432.989691,voxel/s,
storage,set_bits1,counter,bits_per_index,1.000000,,
storage,set_bits1,counter,palette_entries,2.000000,,
storage,set_bits1,counter,heap_bytes,4100.000000,bytes,
storage,set_bits1,counter,bytes_per_voxel,0.125122,B/voxel,
storage,set_bits1,counter,compression_vs_raw,15.984390,x vs 64 KiB,
storage,set_bits2,timing,min_ms,0.100400,ms,
storage,set_bits2,timing,median_ms,0.105300,ms,
storage,set_bits2,timing,mean_ms,0.104252,ms,
storage,set_bits2,timing,p95_ms,0.113500,ms,
storage,set_bits2,timing,max_ms,0.118800,ms,
storage,set_bits2,timing,stddev_ms,0.004698,ms,
storage,set_bits2,timing,runs,21.000000,count,
storage,set_bits2,timing,ops_per_run,32768.000000,voxel,
storage,set_bits2,timing,per_op_us,0.003214,us/voxel,
storage,set_bits2,timing,ops_per_sec,311187084.520418,voxel/s,
storage,set_bits2,counter,bits_per_index,2.000000,,
storage,set_bits2,counter,palette_entries,4.000000,,
storage,set_bits2,counter,heap_bytes,8200.000000,bytes,
storage,set_bits2,counter,bytes_per_voxel,0.250244,B/voxel,
storage,set_bits2,counter,compression_vs_raw,7.992195,x vs 64 KiB,
storage,set_bits4,timing,min_ms,0.188100,ms,
storage,set_bits4,timing,median_ms,0.194800,ms,
storage,set_bits4,timing,mean_ms,0.194829,ms,
storage,set_bits4,timing,p95_ms,0.198000,ms,
storage,set_bits4,timing,max_ms,0.200500,ms,
storage,set_bits4,timing,stddev_ms,0.002320,ms,
storage,set_bits4,timing,runs,21.000000,count,
storage,set_bits4,timing,ops_per_run,32768.000000,voxel,
storage,set_bits4,timing,per_op_us,0.005945,us/voxel,
storage,set_bits4,timing,ops_per_sec,168213552.361396,voxel/s,
storage,set_bits4,counter,bits_per_index,4.000000,,
storage,set_bits4,counter,palette_entries,16.000000,,
storage,set_bits4,counter,heap_bytes,16416.000000,bytes,
storage,set_bits4,counter,bytes_per_voxel,0.500977,B/voxel,
storage,set_bits4,counter,compression_vs_raw,3.992203,x vs 64 KiB,
storage,set_bits8,timing,min_ms,1.275500,ms,
storage,set_bits8,timing,median_ms,1.368100,ms,
storage,set_bits8,timing,mean_ms,1.383686,ms,
storage,set_bits8,timing,p95_ms,1.506500,ms,
storage,set_bits8,timing,max_ms,1.552500,ms,
storage,set_bits8,timing,stddev_ms,0.071791,ms,
storage,set_bits8,timing,runs,21.000000,count,
storage,set_bits8,timing,ops_per_run,32768.000000,voxel,
storage,set_bits8,timing,per_op_us,0.041751,us/voxel,
storage,set_bits8,timing,ops_per_sec,23951465.536145,voxel/s,
storage,set_bits8,counter,bits_per_index,8.000000,,
storage,set_bits8,counter,palette_entries,256.000000,,
storage,set_bits8,counter,heap_bytes,33280.000000,bytes,
storage,set_bits8,counter,bytes_per_voxel,1.015625,B/voxel,
storage,set_bits8,counter,compression_vs_raw,1.969231,x vs 64 KiB,
storage,set_bits16,timing,min_ms,1.452200,ms,
storage,set_bits16,timing,median_ms,1.504000,ms,
storage,set_bits16,timing,mean_ms,1.537981,ms,
storage,set_bits16,timing,p95_ms,1.718900,ms,
storage,set_bits16,timing,max_ms,1.887700,ms,
storage,set_bits16,timing,stddev_ms,0.100632,ms,
storage,set_bits16,timing,runs,21.000000,count,
storage,set_bits16,timing,ops_per_run,32768.000000,voxel,
storage,set_bits16,timing,per_op_us,0.045898,us/voxel,
storage,set_bits16,timing,ops_per_sec,21787234.042553,voxel/s,
storage,set_bits16,counter,bits_per_index,16.000000,,
storage,set_bits16,counter,palette_entries,300.000000,,
storage,set_bits16,counter,heap_bytes,66304.000000,bytes,
storage,set_bits16,counter,bytes_per_voxel,2.023438,B/voxel,
storage,set_bits16,counter,compression_vs_raw,0.988417,x vs 64 KiB,
storage,get_seq_uniform,timing,min_ms,0.000000,ms,
storage,get_seq_uniform,timing,median_ms,0.000000,ms,
storage,get_seq_uniform,timing,mean_ms,0.000019,ms,
storage,get_seq_uniform,timing,p95_ms,0.000100,ms,
storage,get_seq_uniform,timing,max_ms,0.000100,ms,
storage,get_seq_uniform,timing,stddev_ms,0.000040,ms,
storage,get_seq_uniform,timing,runs,21.000000,count,
storage,get_seq_uniform,timing,ops_per_run,32768.000000,voxel,
storage,get_seq_uniform,timing,per_op_us,0.000000,us/voxel,
storage,get_seq_uniform,timing,ops_per_sec,0.000000,voxel/s,
storage,get_seq_uniform,counter,bits_per_index,0.000000,,
storage,get_seq_uniform,counter,palette_entries,1.000000,,
storage,get_seq_uniform,counter,heap_bytes,0.000000,bytes,
storage,get_seq_uniform,counter,bytes_per_voxel,0.000000,B/voxel,
storage,get_seq_uniform,note,note,,,"uniform representation: zero heap bytes, the section is one BlockId member; a compression ratio against 64 KiB is unbounded, not zero; median is below the harness's reliability floor - read it as an upper bound on a cost that clock granularity and loop hoisting cannot separate from zero"
storage,get_seq_bits1,timing,min_ms,0.029200,ms,
storage,get_seq_bits1,timing,median_ms,0.029200,ms,
storage,get_seq_bits1,timing,mean_ms,0.029224,ms,
storage,get_seq_bits1,timing,p95_ms,0.029300,ms,
storage,get_seq_bits1,timing,max_ms,0.029300,ms,
storage,get_seq_bits1,timing,stddev_ms,0.000044,ms,
storage,get_seq_bits1,timing,runs,21.000000,count,
storage,get_seq_bits1,timing,ops_per_run,32768.000000,voxel,
storage,get_seq_bits1,timing,per_op_us,0.000891,us/voxel,
storage,get_seq_bits1,timing,ops_per_sec,1122191780.821918,voxel/s,
storage,get_seq_bits1,counter,bits_per_index,1.000000,,
storage,get_seq_bits1,counter,palette_entries,2.000000,,
storage,get_seq_bits1,counter,heap_bytes,4100.000000,bytes,
storage,get_seq_bits1,counter,bytes_per_voxel,0.125122,B/voxel,
storage,get_seq_bits1,counter,compression_vs_raw,15.984390,x vs 64 KiB,
storage,get_seq_bits2,timing,min_ms,0.029200,ms,
storage,get_seq_bits2,timing,median_ms,0.029200,ms,
storage,get_seq_bits2,timing,mean_ms,0.029529,ms,
storage,get_seq_bits2,timing,p95_ms,0.029400,ms,
storage,get_seq_bits2,timing,max_ms,0.035600,ms,
storage,get_seq_bits2,timing,stddev_ms,0.001392,ms,
storage,get_seq_bits2,timing,runs,21.000000,count,
storage,get_seq_bits2,timing,ops_per_run,32768.000000,voxel,
storage,get_seq_bits2,timing,per_op_us,0.000891,us/voxel,
storage,get_seq_bits2,timing,ops_per_sec,1122191780.821918,voxel/s,
storage,get_seq_bits2,counter,bits_per_index,2.000000,,
storage,get_seq_bits2,counter,palette_entries,4.000000,,
storage,get_seq_bits2,counter,heap_bytes,8200.000000,bytes,
storage,get_seq_bits2,counter,bytes_per_voxel,0.250244,B/voxel,
storage,get_seq_bits2,counter,compression_vs_raw,7.992195,x vs 64 KiB,
storage,get_seq_bits4,timing,min_ms,0.029200,ms,
storage,get_seq_bits4,timing,median_ms,0.029200,ms,
storage,get_seq_bits4,timing,mean_ms,0.029595,ms,
storage,get_seq_bits4,timing,p95_ms,0.031100,ms,
storage,get_seq_bits4,timing,max_ms,0.034200,ms,
storage,get_seq_bits4,timing,stddev_ms,0.001148,ms,
storage,get_seq_bits4,timing,runs,21.000000,count,
storage,get_seq_bits4,timing,ops_per_run,32768.000000,voxel,
storage,get_seq_bits4,timing,per_op_us,0.000891,us/voxel,
storage,get_seq_bits4,timing,ops_per_sec,1122191780.821918,voxel/s,
storage,get_seq_bits4,counter,bits_per_index,4.000000,,
storage,get_seq_bits4,counter,palette_entries,16.000000,,
storage,get_seq_bits4,counter,heap_bytes,16416.000000,bytes,
storage,get_seq_bits4,counter,bytes_per_voxel,0.500977,B/voxel,
storage,get_seq_bits4,counter,compression_vs_raw,3.992203,x vs 64 KiB,
storage,get_seq_bits8,timing,min_ms,0.029200,ms,
storage,get_seq_bits8,timing,median_ms,0.029300,ms,
storage,get_seq_bits8,timing,mean_ms,0.029610,ms,
storage,get_seq_bits8,timing,p95_ms,0.031100,ms,
storage,get_seq_bits8,timing,max_ms,0.032800,ms,
storage,get_seq_bits8,timing,stddev_ms,0.000836,ms,
storage,get_seq_bits8,timing,runs,21.000000,count,
storage,get_seq_bits8,timing,ops_per_run,32768.000000,voxel,
storage,get_seq_bits8,timing,per_op_us,0.000894,us/voxel,
storage,get_seq_bits8,timing,ops_per_sec,1118361774.744027,voxel/s,
storage,get_seq_bits8,counter,bits_per_index,8.000000,,
storage,get_seq_bits8,counter,palette_entries,256.000000,,
storage,get_seq_bits8,counter,heap_bytes,33280.000000,bytes,
storage,get_seq_bits8,counter,bytes_per_voxel,1.015625,B/voxel,
storage,get_seq_bits8,counter,compression_vs_raw,1.969231,x vs 64 KiB,
storage,get_seq_bits16,timing,min_ms,0.027500,ms,
storage,get_seq_bits16,timing,median_ms,0.029300,ms,
storage,get_seq_bits16,timing,mean_ms,0.029238,ms,
storage,get_seq_bits16,timing,p95_ms,0.029400,ms,
storage,get_seq_bits16,timing,max_ms,0.029400,ms,
storage,get_seq_bits16,timing,stddev_ms,0.000408,ms,
storage,get_seq_bits16,timing,runs,21.000000,count,
storage,get_seq_bits16,timing,ops_per_run,32768.000000,voxel,
storage,get_seq_bits16,timing,per_op_us,0.000894,us/voxel,
storage,get_seq_bits16,timing,ops_per_sec,1118361774.744027,voxel/s,
storage,get_seq_bits16,counter,bits_per_index,16.000000,,
storage,get_seq_bits16,counter,palette_entries,300.000000,,
storage,get_seq_bits16,counter,heap_bytes,66304.000000,bytes,
storage,get_seq_bits16,counter,bytes_per_voxel,2.023438,B/voxel,
storage,get_seq_bits16,counter,compression_vs_raw,0.988417,x vs 64 KiB,
storage,get_random_uniform,timing,min_ms,0.007300,ms,
storage,get_random_uniform,timing,median_ms,0.007300,ms,
storage,get_random_uniform,timing,mean_ms,0.007410,ms,
storage,get_random_uniform,timing,p95_ms,0.007800,ms,
storage,get_random_uniform,timing,max_ms,0.007800,ms,
storage,get_random_uniform,timing,stddev_ms,0.000197,ms,
storage,get_random_uniform,timing,runs,21.000000,count,
storage,get_random_uniform,timing,ops_per_run,32768.000000,voxel,
storage,get_random_uniform,timing,per_op_us,0.000223,us/voxel,
storage,get_random_uniform,timing,ops_per_sec,4488767123.287671,voxel/s,
storage,get_random_uniform,counter,bits_per_index,0.000000,,
storage,get_random_uniform,counter,palette_entries,1.000000,,
storage,get_random_uniform,counter,heap_bytes,0.000000,bytes,
storage,get_random_uniform,counter,bytes_per_voxel,0.000000,B/voxel,
storage,get_random_uniform,note,note,,,"uniform representation: zero heap bytes, the section is one BlockId member; a compression ratio against 64 KiB is unbounded, not zero"
storage,get_random_bits1,timing,min_ms,0.025500,ms,
storage,get_random_bits1,timing,median_ms,0.025600,ms,
storage,get_random_bits1,timing,mean_ms,0.025843,ms,
storage,get_random_bits1,timing,p95_ms,0.027500,ms,
storage,get_random_bits1,timing,max_ms,0.028300,ms,
storage,get_random_bits1,timing,stddev_ms,0.000709,ms,
storage,get_random_bits1,timing,runs,21.000000,count,
storage,get_random_bits1,timing,ops_per_run,32768.000000,voxel,
storage,get_random_bits1,timing,per_op_us,0.000781,us/voxel,
storage,get_random_bits1,timing,ops_per_sec,1280000000.000000,voxel/s,
storage,get_random_bits1,counter,bits_per_index,1.000000,,
storage,get_random_bits1,counter,palette_entries,2.000000,,
storage,get_random_bits1,counter,heap_bytes,4100.000000,bytes,
storage,get_random_bits1,counter,bytes_per_voxel,0.125122,B/voxel,
storage,get_random_bits1,counter,compression_vs_raw,15.984390,x vs 64 KiB,
storage,get_random_bits2,timing,min_ms,0.025500,ms,
storage,get_random_bits2,timing,median_ms,0.025600,ms,
storage,get_random_bits2,timing,mean_ms,0.025614,ms,
storage,get_random_bits2,timing,p95_ms,0.025700,ms,
storage,get_random_bits2,timing,max_ms,0.026200,ms,
storage,get_random_bits2,timing,stddev_ms,0.000142,ms,
storage,get_random_bits2,timing,runs,21.000000,count,
storage,get_random_bits2,timing,ops_per_run,32768.000000,voxel,
storage,get_random_bits2,timing,per_op_us,0.000781,us/voxel,
storage,get_random_bits2,timing,ops_per_sec,1280000000.000000,voxel/s,
storage,get_random_bits2,counter,bits_per_index,2.000000,,
storage,get_random_bits2,counter,palette_entries,4.000000,,
storage,get_random_bits2,counter,heap_bytes,8200.000000,bytes,
storage,get_random_bits2,counter,bytes_per_voxel,0.250244,B/voxel,
storage,get_random_bits2,counter,compression_vs_raw,7.992195,x vs 64 KiB,
storage,get_random_bits4,timing,min_ms,0.025500,ms,
storage,get_random_bits4,timing,median_ms,0.025800,ms,
storage,get_random_bits4,timing,mean_ms,0.035538,ms,
storage,get_random_bits4,timing,p95_ms,0.063600,ms,
storage,get_random_bits4,timing,max_ms,0.160400,ms,
storage,get_random_bits4,timing,stddev_ms,0.030505,ms,
storage,get_random_bits4,timing,runs,21.000000,count,
storage,get_random_bits4,timing,ops_per_run,32768.000000,voxel,
storage,get_random_bits4,timing,per_op_us,0.000787,us/voxel,
storage,get_random_bits4,timing,ops_per_sec,1270077519.379845,voxel/s,
storage,get_random_bits4,counter,bits_per_index,4.000000,,
storage,get_random_bits4,counter,palette_entries,16.000000,,
storage,get_random_bits4,counter,heap_bytes,16416.000000,bytes,
storage,get_random_bits4,counter,bytes_per_voxel,0.500977,B/voxel,
storage,get_random_bits4,counter,compression_vs_raw,3.992203,x vs 64 KiB,
storage,get_random_bits8,timing,min_ms,0.025700,ms,
storage,get_random_bits8,timing,median_ms,0.025900,ms,
storage,get_random_bits8,timing,mean_ms,0.026005,ms,
storage,get_random_bits8,timing,p95_ms,0.026100,ms,
storage,get_random_bits8,timing,max_ms,0.028300,ms,
storage,get_random_bits8,timing,stddev_ms,0.000541,ms,
storage,get_random_bits8,timing,runs,21.000000,count,
storage,get_random_bits8,timing,ops_per_run,32768.000000,voxel,
storage,get_random_bits8,timing,per_op_us,0.000790,us/voxel,
storage,get_random_bits8,timing,ops_per_sec,1265173745.173745,voxel/s,
storage,get_random_bits8,counter,bits_per_index,8.000000,,
storage,get_random_bits8,counter,palette_entries,256.000000,,
storage,get_random_bits8,counter,heap_bytes,33280.000000,bytes,
storage,get_random_bits8,counter,bytes_per_voxel,1.015625,B/voxel,
storage,get_random_bits8,counter,compression_vs_raw,1.969231,x vs 64 KiB,
storage,get_random_bits16,timing,min_ms,0.026300,ms,
storage,get_random_bits16,timing,median_ms,0.026400,ms,
storage,get_random_bits16,timing,mean_ms,0.026971,ms,
storage,get_random_bits16,timing,p95_ms,0.028100,ms,
storage,get_random_bits16,timing,max_ms,0.028100,ms,
storage,get_random_bits16,timing,stddev_ms,0.000830,ms,
storage,get_random_bits16,timing,runs,21.000000,count,
storage,get_random_bits16,timing,ops_per_run,32768.000000,voxel,
storage,get_random_bits16,timing,per_op_us,0.000806,us/voxel,
storage,get_random_bits16,timing,ops_per_sec,1241212121.212121,voxel/s,
storage,get_random_bits16,counter,bits_per_index,16.000000,,
storage,get_random_bits16,counter,palette_entries,300.000000,,
storage,get_random_bits16,counter,heap_bytes,66304.000000,bytes,
storage,get_random_bits16,counter,bytes_per_voxel,2.023438,B/voxel,
storage,get_random_bits16,counter,compression_vs_raw,0.988417,x vs 64 KiB,
lighting,light_column,status,unavailable,,,"world/LightEngine.hpp is unavailable in this build (missing header, or VOXL_BENCH_NO_LIGHT_ENGINE was defined because LightEngine.cpp is not yet linked into voxl::engine); see benchmarks/bench_lighting.cpp"
persistence,round_trip_terrain,timing,min_ms,0.387200,ms,
persistence,round_trip_terrain,timing,median_ms,0.401700,ms,
persistence,round_trip_terrain,timing,mean_ms,0.410948,ms,
persistence,round_trip_terrain,timing,p95_ms,0.463200,ms,
persistence,round_trip_terrain,timing,max_ms,0.546100,ms,
persistence,round_trip_terrain,timing,stddev_ms,0.036147,ms,
persistence,round_trip_terrain,timing,runs,21.000000,count,
persistence,round_trip_terrain,timing,ops_per_run,1.000000,chunk,
persistence,round_trip_terrain,timing,per_op_us,401.700000,us/chunk,
persistence,round_trip_terrain,timing,ops_per_sec,2489.419965,chunk/s,
persistence,round_trip_terrain,counter,payload_bytes,17832.000000,bytes,
persistence,round_trip_terrain,counter,bytes_per_voxel,0.544189,B/voxel,
persistence,round_trip_terrain,counter,vs_raw_voxels_and_light,5.512786,x,
persistence,round_trip_terrain,counter,palette_entries,6.000000,,
persistence,round_trip_terrain,counter,bits_per_index,4.000000,,
persistence,round_trip_terrain,counter,damaged_blocks,0.000000,blocks,
persistence,round_trip_terrain,counter,non_air_blocks,19687.000000,blocks,
persistence,round_trip_terrain,note,note,,,"encode allocates a fresh std::vector<std::byte> every call, exactly as WorldSave::saveChunk does; the allocation is part of the measurement"
persistence,round_trip_uniform,timing,min_ms,0.014900,ms,
persistence,round_trip_uniform,timing,median_ms,0.014900,ms,
persistence,round_trip_uniform,timing,mean_ms,0.017576,ms,
persistence,round_trip_uniform,timing,p95_ms,0.038500,ms,
persistence,round_trip_uniform,timing,max_ms,0.046500,ms,
persistence,round_trip_uniform,timing,stddev_ms,0.008382,ms,
persistence,round_trip_uniform,timing,runs,21.000000,count,
persistence,round_trip_uniform,timing,ops_per_run,1.000000,chunk,
persistence,round_trip_uniform,timing,per_op_us,14.900000,us/chunk,
persistence,round_trip_uniform,timing,ops_per_sec,67114.093960,chunk/s,
persistence,round_trip_uniform,counter,payload_bytes,13.000000,bytes,
persistence,round_trip_uniform,counter,bytes_per_voxel,0.000397,B/voxel,
persistence,round_trip_uniform,counter,vs_raw_voxels_and_light,7561.846154,x,
persistence,round_trip_uniform,counter,palette_entries,1.000000,,
persistence,round_trip_uniform,counter,bits_per_index,0.000000,,
persistence,round_trip_uniform,counter,damaged_blocks,0.000000,blocks,
persistence,round_trip_uniform,counter,non_air_blocks,32768.000000,blocks,
persistence,round_trip_uniform,note,note,,,"encode allocates a fresh std::vector<std::byte> every call, exactly as WorldSave::saveChunk does; the allocation is part of the measurement"
persistence,round_trip_damaged,timing,min_ms,0.479200,ms,
persistence,round_trip_damaged,timing,median_ms,0.489000,ms,
persistence,round_trip_damaged,timing,mean_ms,0.508890,ms,
persistence,round_trip_damaged,timing,p95_ms,0.521500,ms,
persistence,round_trip_damaged,timing,max_ms,0.857800,ms,
persistence,round_trip_damaged,timing,stddev_ms,0.080765,ms,
persistence,round_trip_damaged,timing,runs,21.000000,count,
persistence,round_trip_damaged,timing,ops_per_run,1.000000,chunk,
persistence,round_trip_damaged,timing,per_op_us,489.000000,us/chunk,
persistence,round_trip_damaged,timing,ops_per_sec,2044.989775,chunk/s,
persistence,round_trip_damaged,counter,payload_bytes,22184.000000,bytes,
persistence,round_trip_damaged,counter,bytes_per_voxel,0.677002,B/voxel,
persistence,round_trip_damaged,counter,vs_raw_voxels_and_light,4.431302,x,
persistence,round_trip_damaged,counter,palette_entries,6.000000,,
persistence,round_trip_damaged,counter,bits_per_index,4.000000,,
persistence,round_trip_damaged,counter,damaged_blocks,64.000000,blocks,
persistence,round_trip_damaged,counter,non_air_blocks,19687.000000,blocks,
persistence,round_trip_damaged,note,note,,,"encode allocates a fresh std::vector<std::byte> every call, exactly as WorldSave::saveChunk does; the allocation is part of the measurement"
persistence,encode_terrain,timing,min_ms,0.041900,ms,
persistence,encode_terrain,timing,median_ms,0.042600,ms,
persistence,encode_terrain,timing,mean_ms,0.043548,ms,
persistence,encode_terrain,timing,p95_ms,0.046400,ms,
persistence,encode_terrain,timing,max_ms,0.051700,ms,
persistence,encode_terrain,timing,stddev_ms,0.002359,ms,
persistence,encode_terrain,timing,runs,21.000000,count,
persistence,encode_terrain,timing,ops_per_run,1.000000,chunk,
persistence,encode_terrain,timing,per_op_us,42.600000,us/chunk,
persistence,encode_terrain,timing,ops_per_sec,23474.178404,chunk/s,
persistence,encode_terrain,counter,payload_bytes,17832.000000,bytes,
persistence,encode_terrain,counter,bytes_per_voxel,0.544189,B/voxel,
persistence,encode_terrain,counter,vs_raw_voxels_and_light,5.512786,x,
persistence,encode_terrain,counter,palette_entries,6.000000,,
persistence,encode_terrain,counter,bits_per_index,4.000000,,
persistence,encode_terrain,counter,damaged_blocks,0.000000,blocks,
persistence,encode_terrain,counter,non_air_blocks,19687.000000,blocks,
persistence,decode_terrain,timing,min_ms,0.340900,ms,
persistence,decode_terrain,timing,median_ms,0.353000,ms,
persistence,decode_terrain,timing,mean_ms,0.360576,ms,
persistence,decode_terrain,timing,p95_ms,0.394500,ms,
persistence,decode_terrain,timing,max_ms,0.421100,ms,
persistence,decode_terrain,timing,stddev_ms,0.018925,ms,
persistence,decode_terrain,timing,runs,21.000000,count,
persistence,decode_terrain,timing,ops_per_run,1.000000,chunk,
persistence,decode_terrain,timing,per_op_us,353.000000,us/chunk,
persistence,decode_terrain,timing,ops_per_sec,2832.861190,chunk/s,
persistence,decode_terrain,counter,payload_bytes,17832.000000,bytes,
persistence,decode_terrain,counter,bytes_per_voxel,0.544189,B/voxel,
persistence,decode_terrain,counter,vs_raw_voxels_and_light,5.512786,x,
persistence,decode_terrain,counter,palette_entries,6.000000,,
persistence,decode_terrain,counter,bits_per_index,4.000000,,
persistence,decode_terrain,counter,damaged_blocks,0.000000,blocks,
persistence,decode_terrain,counter,non_air_blocks,19687.000000,blocks,
terrain,gen_lod1,derived,speedup_vs_lod0,3.189485,x,ok
terrain,gen_lod2,derived,speedup_vs_lod0,8.221010,x,ok
terrain,gen_lod3,derived,speedup_vs_lod0,8.616778,x,ok
terrain,gen_batch_job_system,derived,speedup_vs_1_thread,8.970790,x,
terrain,gen_batch_job_system,derived,parallel_efficiency,47.214686,%,
meshing,greedy_lod1,derived,speedup_vs_lod0,1.753518,x,ok
meshing,greedy_lod2,derived,speedup_vs_lod0,1.873424,x,*** FLAG: expected >= 2.5x cheaper than level 0
meshing,greedy_lod3,derived,speedup_vs_lod0,1.103399,x,*** FLAG: expected >= 4.0x cheaper than level 0
