run,pass,submission_order,mean_ms,p50_ms,p99_ms,frames
D1-demo-still,__wall_frame__,-1,13.0626,12.8346,13.4663,382
D1-demo-still,__gpu_span__,-1,12.7324,12.8243,13.0849,382
D1-demo-still,__gpu_sum__,-1,12.4650,12.5610,12.8673,382
D1-demo-still,__gpu_gap__,-1,0.2673,0.2130,0.8040,382
D1-demo-still,SkyTransmittanceCompute,0,0.0837,0.0801,0.3183,382
D1-demo-still,SkyMultiscatteringCompute,1,0.0740,0.0594,0.3062,382
D1-demo-still,SkySkyCompute,2,0.0714,0.0522,0.2990,382
D1-demo-still,SkyAeCompute,3,0.0243,0.0195,0.2591,382
D1-demo-still,ConvolveCubeCompute,4,0.0605,0.0492,0.2900,382
D1-demo-still,GpuInputUpload,5,0.0040,0.0027,0.0138,382
D1-demo-still,VoxelWorldPerframeCompute,6,0.0296,0.0237,0.2639,382
D1-demo-still,PerChunkCompute,7,0.0095,0.0072,0.2447,382
D1-demo-still,ChunkEditCompute,8,0.0005,0.0010,0.0010,382
D1-demo-still,ChunkEditPostProcessCompute,9,0.0012,0.0010,0.0010,382
D1-demo-still,ChunkOptCompute,10,0.0006,0.0010,0.0010,382
D1-demo-still,ChunkOptCompute#2,11,0.0005,0.0010,0.0010,382
D1-demo-still,ChunkAllocCompute,12,0.0005,0.0000,0.0010,382
D1-demo-still,VoxelParticlePerframeCompute,13,0.0039,0.0031,0.0031,382
D1-demo-still,SimParticleSimCompute,14,0.0339,0.0256,0.2683,382
D1-demo-still,GpuOutputDownload,15,0.0028,0.0023,0.0134,382
D1-demo-still,GrassStrandSimCompute,16,0.2028,0.1596,0.7862,382
D1-demo-still,FlowerSimCompute,17,0.1376,0.1085,0.3548,382
D1-demo-still,TreeParticleSimCompute,18,0.0108,0.0082,0.2427,382
D1-demo-still,FireParticleSimCompute,19,0.0047,0.0031,0.0041,382
D1-demo-still,TraceDepthPrepassCompute,20,0.4347,0.3461,0.9752,382
D1-demo-still,TracePrimaryCompute,21,1.1315,1.1172,1.5483,382
D1-demo-still,R32D32Blit,22,0.0466,0.0451,0.0492,382
D1-demo-still,SimParticleCubeParticleRaster,23,0.0005,0.0006,0.0010,382
D1-demo-still,SimParticleCubeParticleShadowRaster,24,0.0099,0.0102,0.0102,382
D1-demo-still,GrassStrandCubeParticleRaster,25,0.0627,0.0625,0.0663,382
D1-demo-still,GrassStrandCubeParticleShadowRaster,26,0.0000,0.0000,0.0010,382
D1-demo-still,FlowerCubeParticleRaster,27,0.0176,0.0162,0.0174,382
D1-demo-still,FlowerCubeParticleShadowRaster,28,0.0205,0.0205,0.0225,382
D1-demo-still,TreeParticleCubeParticleRaster,29,0.0074,0.0072,0.0082,382
D1-demo-still,TreeParticleCubeParticleShadowRaster,30,0.0048,0.0051,0.0051,382
D1-demo-still,FireParticleCubeParticleRaster,31,0.0071,0.0072,0.0078,382
D1-demo-still,FireParticleCubeParticleShadowRaster,32,0.0048,0.0051,0.0051,382
D1-demo-still,SimParticleSplatParticleRaster,33,0.0068,0.0069,0.0072,382
D1-demo-still,GrassStrandSplatParticleRaster,34,0.3053,0.3052,0.3112,382
D1-demo-still,FlowerSplatParticleRaster,35,0.0490,0.0492,0.0511,382
D1-demo-still,TreeParticleSplatParticleRaster,36,0.0002,0.0000,0.0010,382
D1-demo-still,FireParticleSplatParticleRaster,37,0.0006,0.0007,0.0010,382
D1-demo-still,TraceSecondaryCompute,38,1.4708,1.4254,1.9415,382
D1-demo-still,CalculateReprojectionMapCompute,39,0.1072,0.1055,0.1260,382
D1-demo-still,IrcacheScrollCascadesCompute,40,0.0283,0.0246,0.0266,382
D1-demo-still,IrcachePrepareAgeDispatchCompute,41,0.0015,0.0020,0.0020,382
D1-demo-still,AgeIrcacheEntriesCompute,42,0.0057,0.0041,0.0051,382
D1-demo-still,PrefixScan1Compute,43,0.0443,0.0399,0.3523,382
D1-demo-still,PrefixScan2Compute,44,0.0027,0.0031,0.0031,382
D1-demo-still,PrefixScanMergeCompute,45,0.0085,0.0082,0.0092,382
D1-demo-still,IrcacheCompactEntriesCompute,46,0.0018,0.0020,0.0020,382
D1-demo-still,IrcachePrepareTraceDispatchCompute,47,0.0037,0.0037,0.0049,382
D1-demo-still,IrcacheResetCompute,48,0.0258,0.0258,0.0277,382
D1-demo-still,IrcacheTraceAccessCompute,49,0.1093,0.1024,0.5668,382
D1-demo-still,IrcacheValidateCompute,50,0.3162,0.3072,0.7754,382
D1-demo-still,TraceIrradianceCompute,51,0.3159,0.3113,0.6201,382
D1-demo-still,SumUpIrradianceCompute,52,0.0116,0.0113,0.0133,382
D1-demo-still,RtdgiFullresReprojectCompute,53,0.0991,0.0952,0.0983,382
D1-demo-still,DownscaleCompute,54,0.0312,0.0317,0.0317,382
D1-demo-still,DownscaleCompute#2,55,0.0488,0.0471,0.0481,382
D1-demo-still,SsaoCompute,56,0.0142,0.0143,0.0154,382
D1-demo-still,SsaoSpatialFilterCompute,57,0.0246,0.0246,0.0256,382
D1-demo-still,SsaoUpscaleCompute,58,0.0681,0.0666,0.0676,382
D1-demo-still,SsaoTemporalFilterCompute,59,0.0613,0.0584,0.0594,382
D1-demo-still,DownscaleCompute#3,60,0.0103,0.0091,0.0098,382
D1-demo-still,RtdgiValidateCompute,61,0.1586,0.0553,1.6497,382
D1-demo-still,RtdgiTraceCompute,62,2.8585,2.8938,3.5400,382
D1-demo-still,RtdgiValidityIntegrateCompute,63,0.0872,0.0850,0.0860,382
D1-demo-still,RtdgiRestirTemporalCompute,64,0.2815,0.2601,0.7311,382
D1-demo-still,RtdgiRestirSpatialCompute,65,0.1332,0.1300,0.1403,382
D1-demo-still,RtdgiRestirSpatialCompute#2,66,0.0974,0.0922,0.1044,382
D1-demo-still,RtdgiRestirResolveCompute,67,0.2728,0.2560,0.7383,382
D1-demo-still,RtdgiTemporalFilterCompute,68,0.2263,0.2150,0.6943,382
D1-demo-still,RtdgiSpatialFilterCompute,69,0.1681,0.1669,0.1700,382
D1-demo-still,RtrTraceCompute,70,0.0708,0.0686,0.0717,382
D1-demo-still,RtrValidateCompute,71,0.1458,0.1372,0.6359,382
D1-demo-still,RtrRestirTemporalCompute,72,0.1844,0.1833,0.1894,382
D1-demo-still,RtrRestirResolveCompute,73,0.3357,0.3256,0.8049,382
D1-demo-still,RtrTemporalFilterCompute,74,0.2511,0.2345,0.7117,382
D1-demo-still,RtrSpatialFilterCompute,75,0.0708,0.0676,0.0717,382
D1-demo-still,LightGbufferCompute,76,0.1736,0.1700,0.4915,382
D1-demo-still,TaaReprojectCompute,77,0.1241,0.1167,0.5878,382
D1-demo-still,TaaFilterInputCompute,78,0.1633,0.1597,0.1628,382
D1-demo-still,TaaFilterHistoryCompute,79,0.1327,0.1280,0.4516,382
D1-demo-still,TaaInputProbCompute,80,0.1836,0.1772,0.5079,382
D1-demo-still,TaaProbFilterCompute,81,0.0396,0.0389,0.0389,382
D1-demo-still,TaaProbFilter2Compute,82,0.0900,0.0891,0.0901,382
D1-demo-still,TaaCompute,83,0.3505,0.3359,0.8182,382
D1-demo-still,BlurCompute,84,0.0763,0.0758,0.0788,382
D1-demo-still,BlurCompute#2,85,0.0171,0.0174,0.0184,382
D1-demo-still,BlurCompute#3,86,0.0069,0.0072,0.0072,382
D1-demo-still,BlurCompute#4,87,0.0044,0.0041,0.0051,382
D1-demo-still,CalculateHistogramCompute,88,0.0079,0.0082,0.0082,382
D1-demo-still,PostprocessingRaster,89,0.0520,0.0522,0.0532,382
D1-demo-still,BlurCompute#5,90,0.0047,0.0051,0.0051,382
D1-demo-still,ImGuiDraw,91,0.0001,0.0001,0.0001,382
D1-demo-still,BlurCompute#6,92,0.0066,0.0066,0.0079,382
D1-demo-still,BlurCompute#7,93,0.0038,0.0041,0.0041,382
D1-demo-still,BlurCompute#8,94,0.0040,0.0041,0.0041,382
D1-demo-still,BlurCompute#9,95,0.0038,0.0041,0.0041,382
F1-no-gi,__wall_frame__,-1,5.4383,5.2024,5.9273,920
F1-no-gi,__gpu_span__,-1,5.2640,5.1573,5.6391,920
F1-no-gi,__gpu_sum__,-1,4.9390,4.9134,5.4211,920
F1-no-gi,__gpu_gap__,-1,0.3250,0.3543,0.7795,920
F1-no-gi,SkyTransmittanceCompute,0,0.0841,0.0797,0.3153,920
F1-no-gi,SkyMultiscatteringCompute,1,0.0607,0.0604,0.0614,920
F1-no-gi,SkySkyCompute,2,0.0538,0.0522,0.0532,920
F1-no-gi,SkyAeCompute,3,0.0197,0.0195,0.0205,920
F1-no-gi,ConvolveCubeCompute,4,0.1909,0.1905,0.1935,920
F1-no-gi,GpuInputUpload,5,0.0036,0.0028,0.0139,920
F1-no-gi,VoxelWorldPerframeCompute,6,0.0273,0.0246,0.0296,920
F1-no-gi,PerChunkCompute,7,0.0105,0.0072,0.2418,920
F1-no-gi,ChunkEditCompute,8,0.0042,0.0010,0.2386,920
F1-no-gi,ChunkEditPostProcessCompute,9,0.0165,0.0010,0.2396,920
F1-no-gi,ChunkOptCompute,10,0.0129,0.0010,0.2396,920
F1-no-gi,ChunkOptCompute#2,11,0.0112,0.0010,0.2396,920
F1-no-gi,ChunkAllocCompute,12,0.0110,0.0010,0.2396,920
F1-no-gi,VoxelParticlePerframeCompute,13,0.0112,0.0031,0.2406,920
F1-no-gi,SimParticleSimCompute,14,0.0517,0.0266,0.2683,920
F1-no-gi,GpuOutputDownload,15,0.0027,0.0020,0.0135,920
F1-no-gi,GrassStrandSimCompute,16,0.0853,0.0573,0.3041,920
F1-no-gi,FlowerSimCompute,17,0.1005,0.0973,0.1556,920
F1-no-gi,TreeParticleSimCompute,18,0.0088,0.0092,0.0102,920
F1-no-gi,FireParticleSimCompute,19,0.0044,0.0041,0.0051,920
F1-no-gi,TraceDepthPrepassCompute,20,0.3278,0.2355,0.8192,920
F1-no-gi,TracePrimaryCompute,21,0.8967,0.9452,1.3401,920
F1-no-gi,R32D32Blit,22,0.0415,0.0420,0.0451,920
F1-no-gi,SimParticleCubeParticleRaster,23,0.0005,0.0007,0.0010,920
F1-no-gi,SimParticleCubeParticleShadowRaster,24,0.0098,0.0102,0.0102,920
F1-no-gi,GrassStrandCubeParticleRaster,25,0.3675,0.3676,0.3779,920
F1-no-gi,GrassStrandCubeParticleShadowRaster,26,0.0052,0.0051,0.0061,920
F1-no-gi,FlowerCubeParticleRaster,27,0.0308,0.0307,0.0328,920
F1-no-gi,FlowerCubeParticleShadowRaster,28,0.0152,0.0154,0.0174,920
F1-no-gi,TreeParticleCubeParticleRaster,29,0.0075,0.0072,0.0082,920
F1-no-gi,TreeParticleCubeParticleShadowRaster,30,0.0049,0.0051,0.0051,920
F1-no-gi,FireParticleCubeParticleRaster,31,0.0071,0.0072,0.0080,920
F1-no-gi,FireParticleCubeParticleShadowRaster,32,0.0048,0.0051,0.0051,920
F1-no-gi,SimParticleSplatParticleRaster,33,0.0068,0.0070,0.0072,920
F1-no-gi,GrassStrandSplatParticleRaster,34,0.0518,0.0520,0.0542,920
F1-no-gi,FlowerSplatParticleRaster,35,0.0163,0.0164,0.0174,920
F1-no-gi,TreeParticleSplatParticleRaster,36,0.0003,0.0000,0.0010,920
F1-no-gi,FireParticleSplatParticleRaster,37,0.0004,0.0006,0.0010,920
F1-no-gi,TraceSecondaryCompute,38,0.8667,0.8366,1.2954,920
F1-no-gi,CalculateReprojectionMapCompute,39,0.1242,0.1290,0.1311,920
F1-no-gi,LightGbufferCompute,40,0.1638,0.1638,0.1649,920
F1-no-gi,TaaReprojectCompute,41,0.1142,0.1055,0.5437,920
F1-no-gi,TaaFilterInputCompute,42,0.1592,0.1536,0.5888,920
F1-no-gi,TaaFilterHistoryCompute,43,0.1100,0.1055,0.1239,920
F1-no-gi,TaaInputProbCompute,44,0.1751,0.1812,0.1997,920
F1-no-gi,TaaProbFilterCompute,45,0.0388,0.0389,0.0399,920
F1-no-gi,TaaProbFilter2Compute,46,0.0933,0.0891,0.0911,920
F1-no-gi,TaaCompute,47,0.3450,0.3338,0.7762,920
F1-no-gi,BlurCompute,48,0.0756,0.0748,0.0768,920
F1-no-gi,BlurCompute#2,49,0.0243,0.0184,0.4567,920
F1-no-gi,BlurCompute#3,50,0.0102,0.0082,0.0092,920
F1-no-gi,BlurCompute#4,51,0.0050,0.0051,0.0061,920
F1-no-gi,CalculateHistogramCompute,52,0.0073,0.0072,0.0082,920
F1-no-gi,PostprocessingRaster,53,0.0352,0.0348,0.0358,920
F1-no-gi,BlurCompute#5,54,0.0059,0.0061,0.0072,920
F1-no-gi,ImGuiDraw,55,0.0001,0.0001,0.0001,920
F1-no-gi,BlurCompute#6,56,0.0052,0.0051,0.0079,920
F1-no-gi,BlurCompute#7,57,0.0044,0.0041,0.0051,920
F1-no-gi,BlurCompute#8,58,0.0046,0.0041,0.0051,920
F1-no-gi,BlurCompute#9,59,0.0045,0.0051,0.0051,920
F2-no-gi-no-sh,__wall_frame__,-1,4.6529,4.4820,5.2354,1074
F2-no-gi-no-sh,__gpu_span__,-1,4.5162,4.4241,4.8982,1074
F2-no-gi-no-sh,__gpu_sum__,-1,4.2260,4.1866,4.6652,1074
F2-no-gi-no-sh,__gpu_gap__,-1,0.2902,0.2279,0.7986,1074
F2-no-gi-no-sh,SkyTransmittanceCompute,0,0.0789,0.0787,0.0814,1074
F2-no-gi-no-sh,SkyMultiscatteringCompute,1,0.0600,0.0604,0.0614,1074
F2-no-gi-no-sh,SkySkyCompute,2,0.0524,0.0522,0.0543,1074
F2-no-gi-no-sh,SkyAeCompute,3,0.0199,0.0195,0.0205,1074
F2-no-gi-no-sh,ConvolveCubeCompute,4,0.2540,0.1905,0.7741,1074
F2-no-gi-no-sh,GpuInputUpload,5,0.0038,0.0029,0.0137,1074
F2-no-gi-no-sh,VoxelWorldPerframeCompute,6,0.0367,0.0236,0.2591,1074
F2-no-gi-no-sh,PerChunkCompute,7,0.0146,0.0072,0.2437,1074
F2-no-gi-no-sh,ChunkEditCompute,8,0.0016,0.0010,0.0020,1074
F2-no-gi-no-sh,ChunkEditPostProcessCompute,9,0.0025,0.0010,0.0020,1074
F2-no-gi-no-sh,ChunkOptCompute,10,0.0014,0.0010,0.0020,1074
F2-no-gi-no-sh,ChunkOptCompute#2,11,0.0014,0.0010,0.0020,1074
F2-no-gi-no-sh,ChunkAllocCompute,12,0.0012,0.0010,0.0020,1074
F2-no-gi-no-sh,VoxelParticlePerframeCompute,13,0.0042,0.0031,0.0041,1074
F2-no-gi-no-sh,SimParticleSimCompute,14,0.0304,0.0266,0.2621,1074
F2-no-gi-no-sh,GpuOutputDownload,15,0.0029,0.0020,0.0133,1074
F2-no-gi-no-sh,GrassStrandSimCompute,16,0.0845,0.0573,0.2975,1074
F2-no-gi-no-sh,FlowerSimCompute,17,0.1432,0.1024,0.3420,1074
F2-no-gi-no-sh,TreeParticleSimCompute,18,0.0221,0.0092,0.2458,1074
F2-no-gi-no-sh,FireParticleSimCompute,19,0.0082,0.0041,0.2396,1074
F2-no-gi-no-sh,TraceDepthPrepassCompute,20,0.3240,0.2529,0.8468,1074
F2-no-gi-no-sh,TracePrimaryCompute,21,0.9510,0.9697,1.3773,1074
F2-no-gi-no-sh,R32D32Blit,22,0.0413,0.0410,0.0451,1074
F2-no-gi-no-sh,SimParticleCubeParticleRaster,23,0.0005,0.0007,0.0010,1074
F2-no-gi-no-sh,SimParticleCubeParticleShadowRaster,24,0.0113,0.0113,0.0123,1074
F2-no-gi-no-sh,GrassStrandCubeParticleRaster,25,0.3752,0.3754,0.3858,1074
F2-no-gi-no-sh,GrassStrandCubeParticleShadowRaster,26,0.0052,0.0051,0.0061,1074
F2-no-gi-no-sh,FlowerCubeParticleRaster,27,0.0299,0.0297,0.0325,1074
F2-no-gi-no-sh,FlowerCubeParticleShadowRaster,28,0.0159,0.0164,0.0174,1074
F2-no-gi-no-sh,TreeParticleCubeParticleRaster,29,0.0075,0.0072,0.0082,1074
F2-no-gi-no-sh,TreeParticleCubeParticleShadowRaster,30,0.0048,0.0051,0.0051,1074
F2-no-gi-no-sh,FireParticleCubeParticleRaster,31,0.0070,0.0072,0.0078,1074
F2-no-gi-no-sh,FireParticleCubeParticleShadowRaster,32,0.0048,0.0051,0.0051,1074
F2-no-gi-no-sh,SimParticleSplatParticleRaster,33,0.0068,0.0070,0.0072,1074
F2-no-gi-no-sh,GrassStrandSplatParticleRaster,34,0.0516,0.0512,0.0543,1074
F2-no-gi-no-sh,FlowerSplatParticleRaster,35,0.0160,0.0161,0.0172,1074
F2-no-gi-no-sh,TreeParticleSplatParticleRaster,36,0.0002,0.0000,0.0010,1074
F2-no-gi-no-sh,FireParticleSplatParticleRaster,37,0.0005,0.0007,0.0010,1074
F2-no-gi-no-sh,CalculateReprojectionMapCompute,38,0.1137,0.1096,0.1137,1074
F2-no-gi-no-sh,LightGbufferCompute,39,0.1781,0.1618,0.6011,1074
F2-no-gi-no-sh,TaaReprojectCompute,40,0.1116,0.1096,0.1198,1074
F2-no-gi-no-sh,TaaFilterInputCompute,41,0.1538,0.1526,0.1546,1074
F2-no-gi-no-sh,TaaFilterHistoryCompute,42,0.1231,0.1229,0.1249,1074
F2-no-gi-no-sh,TaaInputProbCompute,43,0.2000,0.2007,0.6277,1074
F2-no-gi-no-sh,TaaProbFilterCompute,44,0.0383,0.0379,0.0399,1074
F2-no-gi-no-sh,TaaProbFilter2Compute,45,0.0875,0.0870,0.0891,1074
F2-no-gi-no-sh,TaaCompute,46,0.3664,0.3512,0.7956,1074
F2-no-gi-no-sh,BlurCompute,47,0.0769,0.0727,0.0788,1074
F2-no-gi-no-sh,BlurCompute#2,48,0.0190,0.0184,0.0205,1074
F2-no-gi-no-sh,BlurCompute#3,49,0.0086,0.0082,0.0082,1074
F2-no-gi-no-sh,BlurCompute#4,50,0.0053,0.0051,0.0061,1074
F2-no-gi-no-sh,CalculateHistogramCompute,51,0.0069,0.0072,0.0072,1074
F2-no-gi-no-sh,PostprocessingRaster,52,0.0344,0.0348,0.0358,1074
F2-no-gi-no-sh,BlurCompute#5,53,0.0060,0.0061,0.0072,1074
F2-no-gi-no-sh,ImGuiDraw,54,0.0001,0.0001,0.0001,1074
F2-no-gi-no-sh,BlurCompute#6,55,0.0049,0.0051,0.0072,1074
F2-no-gi-no-sh,BlurCompute#7,56,0.0045,0.0041,0.0051,1074
F2-no-gi-no-sh,BlurCompute#8,57,0.0046,0.0051,0.0051,1074
F2-no-gi-no-sh,BlurCompute#9,58,0.0046,0.0051,0.0051,1074
F3-no-gi-no-taa,__wall_frame__,-1,3.0089,2.9109,3.5878,1662
F3-no-gi-no-taa,__gpu_span__,-1,2.9607,2.8902,3.3372,1662
F3-no-gi-no-taa,__gpu_sum__,-1,2.5956,2.5212,2.9496,1662
F3-no-gi-no-taa,__gpu_gap__,-1,0.3650,0.3800,0.7329,1662
F3-no-gi-no-taa,GpuInputUpload,0,0.0038,0.0023,0.0143,1662
F3-no-gi-no-taa,VoxelWorldPerframeCompute,1,0.0236,0.0236,0.0267,1662
F3-no-gi-no-taa,PerChunkCompute,2,0.0077,0.0072,0.0092,1662
F3-no-gi-no-taa,ChunkEditCompute,3,0.0011,0.0010,0.0020,1662
F3-no-gi-no-taa,ChunkEditPostProcessCompute,4,0.0011,0.0010,0.0020,1662
F3-no-gi-no-taa,ChunkOptCompute,5,0.0011,0.0010,0.0020,1662
F3-no-gi-no-taa,ChunkOptCompute#2,6,0.0011,0.0010,0.0020,1662
F3-no-gi-no-taa,ChunkAllocCompute,7,0.0011,0.0010,0.0020,1662
F3-no-gi-no-taa,VoxelParticlePerframeCompute,8,0.0032,0.0031,0.0041,1662
F3-no-gi-no-taa,SimParticleSimCompute,9,0.0246,0.0246,0.0276,1662
F3-no-gi-no-taa,GpuOutputDownload,10,0.0034,0.0020,0.0137,1662
F3-no-gi-no-taa,GrassStrandSimCompute,11,0.0553,0.0553,0.0587,1662
F3-no-gi-no-taa,FlowerSimCompute,12,0.1613,0.1034,0.3364,1662
F3-no-gi-no-taa,TreeParticleSimCompute,13,0.0089,0.0092,0.0102,1662
F3-no-gi-no-taa,FireParticleSimCompute,14,0.0091,0.0072,0.0092,1662
F3-no-gi-no-taa,TraceDepthPrepassCompute,15,0.3523,0.2314,0.8284,1662
F3-no-gi-no-taa,TracePrimaryCompute,16,0.8064,0.7281,1.0250,1662
F3-no-gi-no-taa,R32D32Blit,17,0.0401,0.0399,0.0420,1662
F3-no-gi-no-taa,SimParticleCubeParticleRaster,18,0.0005,0.0007,0.0010,1662
F3-no-gi-no-taa,SimParticleCubeParticleShadowRaster,19,0.0112,0.0113,0.0113,1662
F3-no-gi-no-taa,GrassStrandCubeParticleRaster,20,0.3845,0.3840,0.3952,1662
F3-no-gi-no-taa,GrassStrandCubeParticleShadowRaster,21,0.0054,0.0051,0.0061,1662
F3-no-gi-no-taa,FlowerCubeParticleRaster,22,0.0302,0.0297,0.0325,1662
F3-no-gi-no-taa,FlowerCubeParticleShadowRaster,23,0.0155,0.0154,0.0174,1662
F3-no-gi-no-taa,TreeParticleCubeParticleRaster,24,0.0075,0.0072,0.0082,1662
F3-no-gi-no-taa,TreeParticleCubeParticleShadowRaster,25,0.0049,0.0051,0.0051,1662
F3-no-gi-no-taa,FireParticleCubeParticleRaster,26,0.0070,0.0072,0.0072,1662
F3-no-gi-no-taa,FireParticleCubeParticleShadowRaster,27,0.0048,0.0051,0.0051,1662
F3-no-gi-no-taa,SimParticleSplatParticleRaster,28,0.0072,0.0071,0.0081,1662
F3-no-gi-no-taa,GrassStrandSplatParticleRaster,29,0.0510,0.0512,0.0539,1662
F3-no-gi-no-taa,FlowerSplatParticleRaster,30,0.0158,0.0154,0.0170,1662
F3-no-gi-no-taa,TreeParticleSplatParticleRaster,31,0.0004,0.0000,0.0010,1662
F3-no-gi-no-taa,FireParticleSplatParticleRaster,32,0.0007,0.0000,0.0010,1662
F3-no-gi-no-taa,CalculateReprojectionMapCompute,33,0.1278,0.1147,0.3000,1662
F3-no-gi-no-taa,LightGbufferCompute,34,0.1614,0.1618,0.1638,1662
F3-no-gi-no-taa,UpscaleBlit,35,0.0381,0.0379,0.0399,1662
F3-no-gi-no-taa,BlurCompute,36,0.1188,0.0727,0.5157,1662
F3-no-gi-no-taa,BlurCompute#2,37,0.0248,0.0174,0.4536,1662
F3-no-gi-no-taa,BlurCompute#3,38,0.0073,0.0072,0.0082,1662
F3-no-gi-no-taa,BlurCompute#4,39,0.0048,0.0051,0.0061,1662
F3-no-gi-no-taa,CalculateHistogramCompute,40,0.0051,0.0051,0.0051,1662
F3-no-gi-no-taa,PostprocessingRaster,41,0.0325,0.0328,0.0338,1662
F3-no-gi-no-taa,BlurCompute#5,42,0.0050,0.0051,0.0061,1662
F3-no-gi-no-taa,ImGuiDraw,43,0.0001,0.0001,0.0001,1662
F3-no-gi-no-taa,BlurCompute#6,44,0.0051,0.0051,0.0074,1662
F3-no-gi-no-taa,BlurCompute#7,45,0.0043,0.0041,0.0051,1662
F3-no-gi-no-taa,BlurCompute#8,46,0.0044,0.0041,0.0051,1662
F3-no-gi-no-taa,BlurCompute#9,47,0.0044,0.0041,0.0051,1662
O1-prof-on,__wall_frame__,-1,11.5064,11.5185,13.5497,434
O1-prof-on,__gpu_span__,-1,11.4881,11.5327,13.7337,434
O1-prof-on,__gpu_sum__,-1,11.0454,11.0871,13.3113,434
O1-prof-on,__gpu_gap__,-1,0.4428,0.4781,0.8702,434
O1-prof-on,SkyTransmittanceCompute,0,0.0871,0.0792,0.3140,434
O1-prof-on,SkyMultiscatteringCompute,1,0.0767,0.0604,0.3000,434
O1-prof-on,SkySkyCompute,2,0.0674,0.0522,0.2898,434
O1-prof-on,SkyAeCompute,3,0.0234,0.0195,0.2527,434
O1-prof-on,ConvolveCubeCompute,4,0.0624,0.0492,0.2939,434
O1-prof-on,GpuInputUpload,5,0.0037,0.0026,0.0138,434
O1-prof-on,VoxelWorldPerframeCompute,6,0.0221,0.0215,0.0225,434
O1-prof-on,PerChunkCompute,7,0.0080,0.0072,0.0082,434
O1-prof-on,ChunkEditCompute,8,0.0013,0.0010,0.0020,434
O1-prof-on,ChunkEditPostProcessCompute,9,0.0013,0.0010,0.0020,434
O1-prof-on,ChunkOptCompute,10,0.0013,0.0010,0.0020,434
O1-prof-on,ChunkOptCompute#2,11,0.0018,0.0010,0.0020,434
O1-prof-on,ChunkAllocCompute,12,0.0019,0.0010,0.0020,434
O1-prof-on,VoxelParticlePerframeCompute,13,0.0035,0.0031,0.0041,434
O1-prof-on,SimParticleSimCompute,14,0.0315,0.0266,0.2620,434
O1-prof-on,GpuOutputDownload,15,0.0030,0.0022,0.0135,434
O1-prof-on,GrassStrandSimCompute,16,0.0679,0.0563,0.2939,434
O1-prof-on,FlowerSimCompute,17,0.1509,0.1044,0.3445,434
O1-prof-on,TreeParticleSimCompute,18,0.0140,0.0092,0.2437,434
O1-prof-on,FireParticleSimCompute,19,0.0112,0.0072,0.2426,434
O1-prof-on,TraceDepthPrepassCompute,20,0.3395,0.2386,1.2841,434
O1-prof-on,TracePrimaryCompute,21,0.8772,0.9219,1.3578,434
O1-prof-on,R32D32Blit,22,0.0408,0.0399,0.0430,434
O1-prof-on,SimParticleCubeParticleRaster,23,0.0005,0.0006,0.0010,434
O1-prof-on,SimParticleCubeParticleShadowRaster,24,0.0098,0.0102,0.0102,434
O1-prof-on,GrassStrandCubeParticleRaster,25,0.3810,0.3809,0.3931,434
O1-prof-on,GrassStrandCubeParticleShadowRaster,26,0.0081,0.0051,0.1823,434
O1-prof-on,FlowerCubeParticleRaster,27,0.0307,0.0307,0.0328,434
O1-prof-on,FlowerCubeParticleShadowRaster,28,0.0141,0.0143,0.0154,434
O1-prof-on,TreeParticleCubeParticleRaster,29,0.0075,0.0072,0.0082,434
O1-prof-on,TreeParticleCubeParticleShadowRaster,30,0.0048,0.0051,0.0051,434
O1-prof-on,FireParticleCubeParticleRaster,31,0.0070,0.0071,0.0078,434
O1-prof-on,FireParticleCubeParticleShadowRaster,32,0.0048,0.0051,0.0051,434
O1-prof-on,SimParticleSplatParticleRaster,33,0.0069,0.0070,0.0072,434
O1-prof-on,GrassStrandSplatParticleRaster,34,0.0510,0.0512,0.0532,434
O1-prof-on,FlowerSplatParticleRaster,35,0.0158,0.0154,0.0164,434
O1-prof-on,TreeParticleSplatParticleRaster,36,0.0002,0.0000,0.0010,434
O1-prof-on,FireParticleSplatParticleRaster,37,0.0004,0.0000,0.0010,434
O1-prof-on,TraceSecondaryCompute,38,0.9875,0.9574,1.4182,434
O1-prof-on,CalculateReprojectionMapCompute,39,0.1113,0.1075,0.1096,434
O1-prof-on,IrcacheScrollCascadesCompute,40,0.0270,0.0236,0.0256,434
O1-prof-on,IrcachePrepareAgeDispatchCompute,41,0.0033,0.0020,0.0031,434
O1-prof-on,AgeIrcacheEntriesCompute,42,0.0044,0.0041,0.0061,434
O1-prof-on,PrefixScan1Compute,43,0.0404,0.0399,0.0410,434
O1-prof-on,PrefixScan2Compute,44,0.0035,0.0031,0.0041,434
O1-prof-on,PrefixScanMergeCompute,45,0.0093,0.0092,0.0102,434
O1-prof-on,IrcacheCompactEntriesCompute,46,0.0027,0.0031,0.0031,434
O1-prof-on,IrcachePrepareTraceDispatchCompute,47,0.0035,0.0034,0.0050,434
O1-prof-on,IrcacheResetCompute,48,0.0321,0.0317,0.0338,434
O1-prof-on,IrcacheTraceAccessCompute,49,0.1178,0.0952,0.2621,434
O1-prof-on,IrcacheValidateCompute,50,0.4059,0.3973,0.8274,434
O1-prof-on,TraceIrradianceCompute,51,0.4053,0.3860,1.0076,434
O1-prof-on,SumUpIrradianceCompute,52,0.0151,0.0154,0.0174,434
O1-prof-on,RtdgiFullresReprojectCompute,53,0.1194,0.1157,0.1178,434
O1-prof-on,DownscaleCompute,54,0.0307,0.0307,0.0317,434
O1-prof-on,DownscaleCompute#2,55,0.0495,0.0481,0.0502,434
O1-prof-on,SsaoCompute,56,0.0144,0.0143,0.0154,434
O1-prof-on,SsaoSpatialFilterCompute,57,0.0294,0.0266,0.0276,434
O1-prof-on,SsaoUpscaleCompute,58,0.0725,0.0696,0.0717,434
O1-prof-on,SsaoTemporalFilterCompute,59,0.0626,0.0594,0.0604,434
O1-prof-on,DownscaleCompute#3,60,0.0114,0.0102,0.0113,434
O1-prof-on,RtdgiValidateCompute,61,0.1350,0.0584,1.3036,434
O1-prof-on,RtdgiTraceCompute,62,1.9959,2.0214,2.6255,434
O1-prof-on,RtdgiValidityIntegrateCompute,63,0.0850,0.0850,0.0860,434
O1-prof-on,RtdgiRestirTemporalCompute,64,0.2555,0.2519,0.6984,434
O1-prof-on,RtdgiRestirSpatialCompute,65,0.1453,0.1413,0.4475,434
O1-prof-on,RtdgiRestirSpatialCompute#2,66,0.1083,0.1085,0.1188,434
O1-prof-on,RtdgiRestirResolveCompute,67,0.3363,0.3430,0.3543,434
O1-prof-on,RtdgiTemporalFilterCompute,68,0.2416,0.2365,0.5499,434
O1-prof-on,RtdgiSpatialFilterCompute,69,0.1809,0.1710,0.6083,434
O1-prof-on,RtrTraceCompute,70,0.0711,0.0696,0.0788,434
O1-prof-on,RtrValidateCompute,71,0.1405,0.1341,0.4608,434
O1-prof-on,RtrRestirTemporalCompute,72,0.1966,0.1925,0.4922,434
O1-prof-on,RtrRestirResolveCompute,73,0.3418,0.3369,0.5704,434
O1-prof-on,RtrTemporalFilterCompute,74,0.2737,0.2693,0.7076,434
O1-prof-on,RtrSpatialFilterCompute,75,0.0744,0.0696,0.4854,434
O1-prof-on,LightGbufferCompute,76,0.1880,0.1720,0.7096,434
O1-prof-on,TaaReprojectCompute,77,0.1122,0.1106,0.1167,434
O1-prof-on,TaaFilterInputCompute,78,0.1571,0.1546,0.1567,434
O1-prof-on,TaaFilterHistoryCompute,79,0.1297,0.1239,0.5560,434
O1-prof-on,TaaInputProbCompute,80,0.1729,0.1679,0.2150,434
O1-prof-on,TaaProbFilterCompute,81,0.0402,0.0389,0.0399,434
O1-prof-on,TaaProbFilter2Compute,82,0.0916,0.0901,0.0911,434
O1-prof-on,TaaCompute,83,0.3969,0.3389,2.4863,434
O1-prof-on,BlurCompute,84,0.0779,0.0758,0.0788,434
O1-prof-on,BlurCompute#2,85,0.0177,0.0174,0.0184,434
O1-prof-on,BlurCompute#3,86,0.0077,0.0082,0.0082,434
O1-prof-on,BlurCompute#4,87,0.0050,0.0051,0.0061,434
O1-prof-on,CalculateHistogramCompute,88,0.0070,0.0072,0.0072,434
O1-prof-on,PostprocessingRaster,89,0.0355,0.0348,0.0492,434
O1-prof-on,BlurCompute#5,90,0.0054,0.0051,0.0061,434
O1-prof-on,ImGuiDraw,91,0.0001,0.0001,0.0001,434
O1-prof-on,BlurCompute#6,92,0.0046,0.0041,0.0051,434
O1-prof-on,BlurCompute#7,93,0.0046,0.0041,0.0051,434
O1-prof-on,BlurCompute#8,94,0.0048,0.0051,0.0051,434
O1-prof-on,BlurCompute#9,95,0.0047,0.0051,0.0051,434
R1-1600x900,__wall_frame__,-1,16.1192,16.0245,17.3713,868
R1-1600x900,__gpu_span__,-1,16.0984,15.9467,17.3544,868
R1-1600x900,__gpu_sum__,-1,15.7638,15.6450,17.0720,868
R1-1600x900,__gpu_gap__,-1,0.3346,0.2883,0.7672,868
R1-1600x900,SkyTransmittanceCompute,0,0.0898,0.0811,0.3380,868
R1-1600x900,SkyMultiscatteringCompute,1,0.0756,0.0604,0.3185,868
R1-1600x900,SkySkyCompute,2,0.0717,0.0522,0.3133,868
R1-1600x900,SkyAeCompute,3,0.0267,0.0195,0.2741,868
R1-1600x900,ConvolveCubeCompute,4,0.0699,0.0492,0.3099,868
R1-1600x900,GpuInputUpload,5,0.0038,0.0027,0.0138,868
R1-1600x900,VoxelWorldPerframeCompute,6,0.0253,0.0205,0.2722,868
R1-1600x900,PerChunkCompute,7,0.0096,0.0072,0.0092,868
R1-1600x900,ChunkEditCompute,8,0.0010,0.0010,0.0020,868
R1-1600x900,ChunkEditPostProcessCompute,9,0.0025,0.0010,0.0020,868
R1-1600x900,ChunkOptCompute,10,0.0023,0.0010,0.0021,868
R1-1600x900,ChunkOptCompute#2,11,0.0014,0.0010,0.0020,868
R1-1600x900,ChunkAllocCompute,12,0.0011,0.0010,0.0020,868
R1-1600x900,VoxelParticlePerframeCompute,13,0.0056,0.0031,0.0072,868
R1-1600x900,SimParticleSimCompute,14,0.0370,0.0256,0.2836,868
R1-1600x900,GpuOutputDownload,15,0.0030,0.0023,0.0135,868
R1-1600x900,GrassStrandSimCompute,16,0.0759,0.0563,0.6656,868
R1-1600x900,FlowerSimCompute,17,0.1378,0.1075,0.3691,868
R1-1600x900,TreeParticleSimCompute,18,0.0111,0.0092,0.0123,868
R1-1600x900,FireParticleSimCompute,19,0.0094,0.0072,0.2567,868
R1-1600x900,TraceDepthPrepassCompute,20,0.5163,0.4024,1.2420,868
R1-1600x900,TracePrimaryCompute,21,1.4432,1.3957,1.9827,868
R1-1600x900,R32D32Blit,22,0.0630,0.0614,0.0676,868
R1-1600x900,SimParticleCubeParticleRaster,23,0.0005,0.0006,0.0010,868
R1-1600x900,SimParticleCubeParticleShadowRaster,24,0.0110,0.0113,0.0113,868
R1-1600x900,GrassStrandCubeParticleRaster,25,0.5754,0.5755,0.5939,868
R1-1600x900,GrassStrandCubeParticleShadowRaster,26,0.0074,0.0061,0.0072,868
R1-1600x900,FlowerCubeParticleRaster,27,0.0395,0.0396,0.0420,868
R1-1600x900,FlowerCubeParticleShadowRaster,28,0.0136,0.0133,0.0154,868
R1-1600x900,TreeParticleCubeParticleRaster,29,0.0081,0.0082,0.0089,868
R1-1600x900,TreeParticleCubeParticleShadowRaster,30,0.0059,0.0061,0.0061,868
R1-1600x900,FireParticleCubeParticleRaster,31,0.0076,0.0078,0.0082,868
R1-1600x900,FireParticleCubeParticleShadowRaster,32,0.0058,0.0061,0.0061,868
R1-1600x900,SimParticleSplatParticleRaster,33,0.0074,0.0072,0.0082,868
R1-1600x900,GrassStrandSplatParticleRaster,34,0.0520,0.0521,0.0553,868
R1-1600x900,FlowerSplatParticleRaster,35,0.0156,0.0154,0.0170,868
R1-1600x900,TreeParticleSplatParticleRaster,36,0.0002,0.0000,0.0010,868
R1-1600x900,FireParticleSplatParticleRaster,37,0.0005,0.0007,0.0010,868
R1-1600x900,TraceSecondaryCompute,38,1.2903,1.2554,1.7316,868
R1-1600x900,CalculateReprojectionMapCompute,39,0.1715,0.1669,0.5192,868
R1-1600x900,IrcacheScrollCascadesCompute,40,0.0246,0.0246,0.0256,868
R1-1600x900,IrcachePrepareAgeDispatchCompute,41,0.0022,0.0020,0.0031,868
R1-1600x900,AgeIrcacheEntriesCompute,42,0.0050,0.0051,0.0061,868
R1-1600x900,PrefixScan1Compute,43,0.0417,0.0399,0.0420,868
R1-1600x900,PrefixScan2Compute,44,0.0033,0.0031,0.0041,868
R1-1600x900,PrefixScanMergeCompute,45,0.0092,0.0092,0.0102,868
R1-1600x900,IrcacheCompactEntriesCompute,46,0.0025,0.0020,0.0031,868
R1-1600x900,IrcachePrepareTraceDispatchCompute,47,0.0041,0.0035,0.0057,868
R1-1600x900,IrcacheResetCompute,48,0.0346,0.0338,0.0368,868
R1-1600x900,IrcacheTraceAccessCompute,49,0.1033,0.0850,0.2980,868
R1-1600x900,IrcacheValidateCompute,50,0.3956,0.3820,0.8566,868
R1-1600x900,TraceIrradianceCompute,51,0.3765,0.3645,0.8274,868
R1-1600x900,SumUpIrradianceCompute,52,0.0159,0.0154,0.0164,868
R1-1600x900,RtdgiFullresReprojectCompute,53,0.1575,0.1526,0.1608,868
R1-1600x900,DownscaleCompute,54,0.0471,0.0451,0.0471,868
R1-1600x900,DownscaleCompute#2,55,0.0749,0.0727,0.0748,868
R1-1600x900,SsaoCompute,56,0.0219,0.0205,0.0225,868
R1-1600x900,SsaoSpatialFilterCompute,57,0.0418,0.0399,0.0410,868
R1-1600x900,SsaoUpscaleCompute,58,0.1047,0.1065,0.1157,868
R1-1600x900,SsaoTemporalFilterCompute,59,0.0888,0.0911,0.0932,868
R1-1600x900,DownscaleCompute#3,60,0.0132,0.0143,0.0154,868
R1-1600x900,RtdgiValidateCompute,61,0.2087,0.0922,1.9937,868
R1-1600x900,RtdgiTraceCompute,62,3.2576,3.0515,4.4339,868
R1-1600x900,RtdgiValidityIntegrateCompute,63,0.1385,0.1372,0.1423,868
R1-1600x900,RtdgiRestirTemporalCompute,64,0.4112,0.4045,0.8581,868
R1-1600x900,RtdgiRestirSpatialCompute,65,0.2211,0.2212,0.2253,868
R1-1600x900,RtdgiRestirSpatialCompute#2,66,0.1615,0.1556,0.6083,868
R1-1600x900,RtdgiRestirResolveCompute,67,0.4527,0.4352,0.9165,868
R1-1600x900,RtdgiTemporalFilterCompute,68,0.3626,0.3523,0.8202,868
R1-1600x900,RtdgiSpatialFilterCompute,69,0.2635,0.2519,0.7188,868
R1-1600x900,RtrTraceCompute,70,0.1154,0.1137,0.1198,868
R1-1600x900,RtrValidateCompute,71,0.2094,0.2099,0.2386,868
R1-1600x900,RtrRestirTemporalCompute,72,0.3034,0.2970,0.7589,868
R1-1600x900,RtrRestirResolveCompute,73,0.5562,0.5427,1.0025,868
R1-1600x900,RtrTemporalFilterCompute,74,0.4015,0.4055,0.8604,868
R1-1600x900,RtrSpatialFilterCompute,75,0.1073,0.1055,0.1157,868
R1-1600x900,LightGbufferCompute,76,0.2708,0.2632,0.7240,868
R1-1600x900,TaaReprojectCompute,77,0.1660,0.1638,0.1731,868
R1-1600x900,TaaFilterInputCompute,78,0.2465,0.2406,0.6861,868
R1-1600x900,TaaFilterHistoryCompute,79,0.2000,0.1946,0.6492,868
R1-1600x900,TaaInputProbCompute,80,0.2574,0.2509,0.6287,868
R1-1600x900,TaaProbFilterCompute,81,0.0612,0.0594,0.0614,868
R1-1600x900,TaaProbFilter2Compute,82,0.1412,0.1382,0.1403,868
R1-1600x900,TaaCompute,83,0.5361,0.5161,0.9851,868
R1-1600x900,BlurCompute,84,0.1172,0.1157,0.1198,868
R1-1600x900,BlurCompute#2,85,0.0262,0.0256,0.0276,868
R1-1600x900,BlurCompute#3,86,0.0114,0.0113,0.0123,868
R1-1600x900,BlurCompute#4,87,0.0057,0.0051,0.0067,868
R1-1600x900,CalculateHistogramCompute,88,0.0116,0.0102,0.0113,868
R1-1600x900,PostprocessingRaster,89,0.0527,0.0532,0.0543,868
R1-1600x900,BlurCompute#5,90,0.0056,0.0061,0.0072,868
R1-1600x900,ImGuiDraw,91,0.0001,0.0001,0.0001,868
R1-1600x900,BlurCompute#6,92,0.0052,0.0051,0.0082,868
R1-1600x900,BlurCompute#7,93,0.0048,0.0041,0.0051,868
R1-1600x900,BlurCompute#8,94,0.0050,0.0041,0.0051,868
R1-1600x900,BlurCompute#9,95,0.0046,0.0051,0.0051,868
R2-1920x1080,__wall_frame__,-1,21.0030,21.0739,21.6352,667
R2-1920x1080,__gpu_span__,-1,20.9842,21.0574,21.3850,667
R2-1920x1080,__gpu_sum__,-1,20.7653,20.8412,21.1517,667
R2-1920x1080,__gpu_gap__,-1,0.2189,0.1911,0.4602,667
R2-1920x1080,SkyTransmittanceCompute,0,0.0879,0.0800,0.3560,667
R2-1920x1080,SkyMultiscatteringCompute,1,0.0722,0.0594,0.3359,667
R2-1920x1080,SkySkyCompute,2,0.0708,0.0522,0.3297,667
R2-1920x1080,SkyAeCompute,3,0.0244,0.0195,0.2939,667
R2-1920x1080,ConvolveCubeCompute,4,0.0595,0.0492,0.3267,667
R2-1920x1080,GpuInputUpload,5,0.0028,0.0025,0.0031,667
R2-1920x1080,VoxelWorldPerframeCompute,6,0.0316,0.0242,0.2982,667
R2-1920x1080,PerChunkCompute,7,0.0077,0.0072,0.0082,667
R2-1920x1080,ChunkEditCompute,8,0.0007,0.0010,0.0020,667
R2-1920x1080,ChunkEditPostProcessCompute,9,0.0012,0.0010,0.0020,667
R2-1920x1080,ChunkOptCompute,10,0.0007,0.0010,0.0020,667
R2-1920x1080,ChunkOptCompute#2,11,0.0008,0.0010,0.0020,667
R2-1920x1080,ChunkAllocCompute,12,0.0012,0.0010,0.0020,667
R2-1920x1080,VoxelParticlePerframeCompute,13,0.0053,0.0031,0.0041,667
R2-1920x1080,SimParticleSimCompute,14,0.0337,0.0266,0.3021,667
R2-1920x1080,GpuOutputDownload,15,0.0024,0.0021,0.0028,667
R2-1920x1080,GrassStrandSimCompute,16,0.0690,0.0572,0.3379,667
R2-1920x1080,FlowerSimCompute,17,0.1334,0.1075,0.3853,667
R2-1920x1080,TreeParticleSimCompute,18,0.0122,0.0082,0.2832,667
R2-1920x1080,FireParticleSimCompute,19,0.0088,0.0072,0.0102,667
R2-1920x1080,TraceDepthPrepassCompute,20,0.7000,0.8110,0.8653,667
R2-1920x1080,TracePrimaryCompute,21,1.7006,1.6988,1.7582,667
R2-1920x1080,R32D32Blit,22,0.0883,0.0881,0.0952,667
R2-1920x1080,SimParticleCubeParticleRaster,23,0.0005,0.0007,0.0010,667
R2-1920x1080,SimParticleCubeParticleShadowRaster,24,0.0135,0.0133,0.0143,667
R2-1920x1080,GrassStrandCubeParticleRaster,25,0.7836,0.7841,0.8069,667
R2-1920x1080,GrassStrandCubeParticleShadowRaster,26,0.0071,0.0072,0.0082,667
R2-1920x1080,FlowerCubeParticleRaster,27,0.0529,0.0530,0.0553,667
R2-1920x1080,FlowerCubeParticleShadowRaster,28,0.0127,0.0123,0.0143,667
R2-1920x1080,TreeParticleCubeParticleRaster,29,0.0089,0.0091,0.0092,667
R2-1920x1080,TreeParticleCubeParticleShadowRaster,30,0.0072,0.0072,0.0082,667
R2-1920x1080,FireParticleCubeParticleRaster,31,0.0082,0.0082,0.0090,667
R2-1920x1080,FireParticleCubeParticleShadowRaster,32,0.0071,0.0072,0.0072,667
R2-1920x1080,SimParticleSplatParticleRaster,33,0.0081,0.0082,0.0089,667
R2-1920x1080,GrassStrandSplatParticleRaster,34,0.0470,0.0470,0.0501,667
R2-1920x1080,FlowerSplatParticleRaster,35,0.0147,0.0143,0.0154,667
R2-1920x1080,TreeParticleSplatParticleRaster,36,0.0003,0.0000,0.0010,667
R2-1920x1080,FireParticleSplatParticleRaster,37,0.0006,0.0008,0.0010,667
R2-1920x1080,TraceSecondaryCompute,38,2.1346,2.1320,2.1852,667
R2-1920x1080,CalculateReprojectionMapCompute,39,0.2776,0.2806,0.2857,667
R2-1920x1080,IrcacheScrollCascadesCompute,40,0.0249,0.0246,0.0256,667
R2-1920x1080,IrcachePrepareAgeDispatchCompute,41,0.0018,0.0020,0.0031,667
R2-1920x1080,AgeIrcacheEntriesCompute,42,0.0044,0.0041,0.0051,667
R2-1920x1080,PrefixScan1Compute,43,0.0402,0.0399,0.0410,667
R2-1920x1080,PrefixScan2Compute,44,0.0029,0.0031,0.0041,667
R2-1920x1080,PrefixScanMergeCompute,45,0.0089,0.0092,0.0102,667
R2-1920x1080,IrcacheCompactEntriesCompute,46,0.0021,0.0020,0.0031,667
R2-1920x1080,IrcachePrepareTraceDispatchCompute,47,0.0037,0.0037,0.0045,667
R2-1920x1080,IrcacheResetCompute,48,0.0357,0.0359,0.0382,667
R2-1920x1080,IrcacheTraceAccessCompute,49,0.1038,0.0870,0.2918,667
R2-1920x1080,IrcacheValidateCompute,50,0.4045,0.4045,0.4618,667
R2-1920x1080,TraceIrradianceCompute,51,0.3775,0.3758,0.4526,667
R2-1920x1080,SumUpIrradianceCompute,52,0.0155,0.0154,0.0174,667
R2-1920x1080,RtdgiFullresReprojectCompute,53,0.2275,0.2284,0.2304,667
R2-1920x1080,DownscaleCompute,54,0.0623,0.0625,0.0635,667
R2-1920x1080,DownscaleCompute#2,55,0.1085,0.1075,0.1229,667
R2-1920x1080,SsaoCompute,56,0.0278,0.0276,0.0287,667
R2-1920x1080,SsaoSpatialFilterCompute,57,0.0555,0.0553,0.0563,667
R2-1920x1080,SsaoUpscaleCompute,58,0.1297,0.1280,0.1505,667
R2-1920x1080,SsaoTemporalFilterCompute,59,0.1102,0.1085,0.1290,667
R2-1920x1080,DownscaleCompute#3,60,0.0160,0.0157,0.0195,667
R2-1920x1080,RtdgiValidateCompute,61,0.3019,0.1280,2.9716,667
R2-1920x1080,RtdgiTraceCompute,62,4.1913,4.4452,4.5404,667
R2-1920x1080,RtdgiValidityIntegrateCompute,63,0.1877,0.1874,0.1915,667
R2-1920x1080,RtdgiRestirTemporalCompute,64,0.5698,0.5786,0.6789,667
R2-1920x1080,RtdgiRestirSpatialCompute,65,0.3256,0.3246,0.3420,667
R2-1920x1080,RtdgiRestirSpatialCompute#2,66,0.2185,0.2171,0.2335,667
R2-1920x1080,RtdgiRestirResolveCompute,67,0.6436,0.6451,0.6574,667
R2-1920x1080,RtdgiTemporalFilterCompute,68,0.5106,0.5110,0.5140,667
R2-1920x1080,RtdgiSpatialFilterCompute,69,0.3517,0.3461,0.3912,667
R2-1920x1080,RtrTraceCompute,70,0.1509,0.1495,0.1577,667
R2-1920x1080,RtrValidateCompute,71,0.2618,0.2591,0.3246,667
R2-1920x1080,RtrRestirTemporalCompute,72,0.4139,0.4137,0.4311,667
R2-1920x1080,RtrRestirResolveCompute,73,0.7665,0.7619,0.7864,667
R2-1920x1080,RtrTemporalFilterCompute,74,0.5377,0.5376,0.5847,667
R2-1920x1080,RtrSpatialFilterCompute,75,0.1384,0.1393,0.1546,667
R2-1920x1080,LightGbufferCompute,76,0.3801,0.3789,0.3891,667
R2-1920x1080,TaaReprojectCompute,77,0.2291,0.2284,0.2355,667
R2-1920x1080,TaaFilterInputCompute,78,0.3385,0.3379,0.3512,667
R2-1920x1080,TaaFilterHistoryCompute,79,0.2706,0.2703,0.2816,667
R2-1920x1080,TaaInputProbCompute,80,0.3683,0.3635,0.3973,667
R2-1920x1080,TaaProbFilterCompute,81,0.0825,0.0829,0.0840,667
R2-1920x1080,TaaProbFilter2Compute,82,0.1945,0.1946,0.1966,667
R2-1920x1080,TaaCompute,83,0.7408,0.7404,0.7475,667
R2-1920x1080,BlurCompute,84,0.1672,0.1669,0.1700,667
R2-1920x1080,BlurCompute#2,85,0.0337,0.0338,0.0358,667
R2-1920x1080,BlurCompute#3,86,0.0124,0.0123,0.0143,667
R2-1920x1080,BlurCompute#4,87,0.0051,0.0051,0.0061,667
R2-1920x1080,CalculateHistogramCompute,88,0.0144,0.0143,0.0154,667
R2-1920x1080,PostprocessingRaster,89,0.0710,0.0707,0.0717,667
R2-1920x1080,BlurCompute#5,90,0.0057,0.0061,0.0072,667
R2-1920x1080,ImGuiDraw,91,0.0001,0.0001,0.0001,667
R2-1920x1080,BlurCompute#6,92,0.0061,0.0065,0.0074,667
R2-1920x1080,BlurCompute#7,93,0.0040,0.0041,0.0051,667
R2-1920x1080,BlurCompute#8,94,0.0041,0.0041,0.0051,667
R2-1920x1080,BlurCompute#9,95,0.0041,0.0041,0.0051,667
R3-720p-half,__wall_frame__,-1,5.3346,5.2456,6.0131,2624
R3-720p-half,__gpu_span__,-1,5.2637,5.1710,5.7731,2624
R3-720p-half,__gpu_sum__,-1,4.9633,4.9204,5.5227,2624
R3-720p-half,__gpu_gap__,-1,0.3004,0.2331,0.8334,2624
R3-720p-half,SkyTransmittanceCompute,0,0.0878,0.0792,0.3145,2624
R3-720p-half,SkyMultiscatteringCompute,1,0.0720,0.0594,0.2939,2624
R3-720p-half,SkySkyCompute,2,0.0620,0.0522,0.2857,2624
R3-720p-half,SkyAeCompute,3,0.0216,0.0195,0.0211,2624
R3-720p-half,ConvolveCubeCompute,4,0.0537,0.0492,0.2816,2624
R3-720p-half,GpuInputUpload,5,0.0035,0.0027,0.0138,2624
R3-720p-half,VoxelWorldPerframeCompute,6,0.0286,0.0268,0.0304,2624
R3-720p-half,PerChunkCompute,7,0.0076,0.0072,0.0082,2624
R3-720p-half,ChunkEditCompute,8,0.0006,0.0010,0.0020,2624
R3-720p-half,ChunkEditPostProcessCompute,9,0.0010,0.0010,0.0020,2624
R3-720p-half,ChunkOptCompute,10,0.0008,0.0010,0.0020,2624
R3-720p-half,ChunkOptCompute#2,11,0.0006,0.0010,0.0020,2624
R3-720p-half,ChunkAllocCompute,12,0.0006,0.0010,0.0020,2624
R3-720p-half,VoxelParticlePerframeCompute,13,0.0031,0.0031,0.0041,2624
R3-720p-half,SimParticleSimCompute,14,0.0285,0.0256,0.2591,2624
R3-720p-half,GpuOutputDownload,15,0.0031,0.0022,0.0135,2624
R3-720p-half,GrassStrandSimCompute,16,0.0787,0.0607,0.2990,2624
R3-720p-half,FlowerSimCompute,17,0.1490,0.1004,0.6875,2624
R3-720p-half,TreeParticleSimCompute,18,0.0141,0.0113,0.2386,2624
R3-720p-half,FireParticleSimCompute,19,0.0077,0.0061,0.0072,2624
R3-720p-half,TraceDepthPrepassCompute,20,0.1000,0.0799,0.3526,2624
R3-720p-half,TracePrimaryCompute,21,0.3386,0.2570,0.8878,2624
R3-720p-half,R32D32Blit,22,0.0130,0.0123,0.0133,2624
R3-720p-half,SimParticleCubeParticleRaster,23,0.0007,0.0007,0.0010,2624
R3-720p-half,SimParticleCubeParticleShadowRaster,24,0.0095,0.0092,0.0102,2624
R3-720p-half,GrassStrandCubeParticleRaster,25,0.1029,0.1024,0.1083,2624
R3-720p-half,GrassStrandCubeParticleShadowRaster,26,0.0002,0.0000,0.0000,2624
R3-720p-half,FlowerCubeParticleRaster,27,0.0161,0.0162,0.0174,2624
R3-720p-half,FlowerCubeParticleShadowRaster,28,0.0171,0.0174,0.0184,2624
R3-720p-half,TreeParticleCubeParticleRaster,29,0.0067,0.0068,0.0072,2624
R3-720p-half,TreeParticleCubeParticleShadowRaster,30,0.0033,0.0031,0.0041,2624
R3-720p-half,FireParticleCubeParticleRaster,31,0.0062,0.0061,0.0071,2624
R3-720p-half,FireParticleCubeParticleShadowRaster,32,0.0033,0.0031,0.0041,2624
R3-720p-half,SimParticleSplatParticleRaster,33,0.0062,0.0061,0.0068,2624
R3-720p-half,GrassStrandSplatParticleRaster,34,0.0524,0.0522,0.0553,2624
R3-720p-half,FlowerSplatParticleRaster,35,0.0156,0.0154,0.0172,2624
R3-720p-half,TreeParticleSplatParticleRaster,36,0.0002,0.0000,0.0010,2624
R3-720p-half,FireParticleSplatParticleRaster,37,0.0005,0.0007,0.0010,2624
R3-720p-half,TraceSecondaryCompute,38,0.3156,0.2857,0.4905,2624
R3-720p-half,CalculateReprojectionMapCompute,39,0.0309,0.0297,0.0307,2624
R3-720p-half,IrcacheScrollCascadesCompute,40,0.0624,0.0236,0.5827,2624
R3-720p-half,IrcachePrepareAgeDispatchCompute,41,0.0025,0.0020,0.0031,2624
R3-720p-half,AgeIrcacheEntriesCompute,42,0.0041,0.0041,0.0051,2624
R3-720p-half,PrefixScan1Compute,43,0.0434,0.0399,0.2171,2624
R3-720p-half,PrefixScan2Compute,44,0.0028,0.0031,0.0041,2624
R3-720p-half,PrefixScanMergeCompute,45,0.0106,0.0082,0.0113,2624
R3-720p-half,IrcacheCompactEntriesCompute,46,0.0025,0.0020,0.0031,2624
R3-720p-half,IrcachePrepareTraceDispatchCompute,47,0.0069,0.0040,0.1866,2624
R3-720p-half,IrcacheResetCompute,48,0.0306,0.0261,0.2072,2624
R3-720p-half,IrcacheTraceAccessCompute,49,0.1267,0.0891,0.4341,2624
R3-720p-half,IrcacheValidateCompute,50,0.3459,0.2918,0.8455,2624
R3-720p-half,TraceIrradianceCompute,51,0.3052,0.2836,0.7201,2624
R3-720p-half,SumUpIrradianceCompute,52,0.0122,0.0123,0.0143,2624
R3-720p-half,RtdgiFullresReprojectCompute,53,0.0268,0.0266,0.0276,2624
R3-720p-half,DownscaleCompute,54,0.0111,0.0113,0.0123,2624
R3-720p-half,DownscaleCompute#2,55,0.0165,0.0164,0.0174,2624
R3-720p-half,SsaoCompute,56,0.0060,0.0061,0.0072,2624
R3-720p-half,SsaoSpatialFilterCompute,57,0.0089,0.0092,0.0102,2624
R3-720p-half,SsaoUpscaleCompute,58,0.0187,0.0184,0.0195,2624
R3-720p-half,SsaoTemporalFilterCompute,59,0.0171,0.0174,0.0184,2624
R3-720p-half,DownscaleCompute#3,60,0.0059,0.0058,0.0082,2624
R3-720p-half,RtdgiValidateCompute,61,0.0419,0.0154,0.4332,2624
R3-720p-half,RtdgiTraceCompute,62,0.6065,0.6216,1.1418,2624
R3-720p-half,RtdgiValidityIntegrateCompute,63,0.0245,0.0236,0.0256,2624
R3-720p-half,RtdgiRestirTemporalCompute,64,0.0687,0.0655,0.0727,2624
R3-720p-half,RtdgiRestirSpatialCompute,65,0.0415,0.0399,0.0430,2624
R3-720p-half,RtdgiRestirSpatialCompute#2,66,0.0318,0.0307,0.0328,2624
R3-720p-half,RtdgiRestirResolveCompute,67,0.0828,0.0788,0.0870,2624
R3-720p-half,RtdgiTemporalFilterCompute,68,0.0610,0.0573,0.0635,2624
R3-720p-half,RtdgiSpatialFilterCompute,69,0.0451,0.0440,0.0461,2624
R3-720p-half,RtrTraceCompute,70,0.0222,0.0215,0.0225,2624
R3-720p-half,RtrValidateCompute,71,0.0664,0.0594,0.0911,2624
R3-720p-half,RtrRestirTemporalCompute,72,0.0657,0.0614,0.0645,2624
R3-720p-half,RtrRestirResolveCompute,73,0.0929,0.0881,0.0993,2624
R3-720p-half,RtrTemporalFilterCompute,74,0.0718,0.0686,0.0748,2624
R3-720p-half,RtrSpatialFilterCompute,75,0.0240,0.0236,0.0256,2624
R3-720p-half,LightGbufferCompute,76,0.0474,0.0461,0.0471,2624
R3-720p-half,TaaReprojectCompute,77,0.1014,0.1004,0.1075,2624
R3-720p-half,TaaFilterInputCompute,78,0.0415,0.0410,0.0430,2624
R3-720p-half,TaaFilterHistoryCompute,79,0.1141,0.0829,0.5325,2624
R3-720p-half,TaaInputProbCompute,80,0.0673,0.0625,0.4946,2624
R3-720p-half,TaaProbFilterCompute,81,0.0118,0.0113,0.0133,2624
R3-720p-half,TaaProbFilter2Compute,82,0.0240,0.0236,0.0256,2624
R3-720p-half,TaaCompute,83,0.3052,0.2980,0.7475,2624
R3-720p-half,BlurCompute,84,0.0756,0.0737,0.0778,2624
R3-720p-half,BlurCompute#2,85,0.0181,0.0174,0.0195,2624
R3-720p-half,BlurCompute#3,86,0.0075,0.0072,0.0082,2624
R3-720p-half,BlurCompute#4,87,0.0042,0.0041,0.0051,2624
R3-720p-half,CalculateHistogramCompute,88,0.0076,0.0072,0.0072,2624
R3-720p-half,PostprocessingRaster,89,0.0353,0.0348,0.0369,2624
R3-720p-half,BlurCompute#5,90,0.0057,0.0051,0.0072,2624
R3-720p-half,ImGuiDraw,91,0.0001,0.0001,0.0001,2624
R3-720p-half,BlurCompute#6,92,0.0067,0.0066,0.0091,2624
R3-720p-half,BlurCompute#7,93,0.0041,0.0041,0.0051,2624
R3-720p-half,BlurCompute#8,94,0.0042,0.0041,0.0051,2624
R3-720p-half,BlurCompute#9,95,0.0042,0.0041,0.0051,2624
R5-960x540,__wall_frame__,-1,7.7404,7.6848,9.0668,646
R5-960x540,__gpu_span__,-1,7.7182,7.6481,8.8516,646
R5-960x540,__gpu_sum__,-1,7.3234,7.2725,8.5756,646
R5-960x540,__gpu_gap__,-1,0.3948,0.3139,0.9178,646
R5-960x540,SkyTransmittanceCompute,0,0.0911,0.0786,0.3013,646
R5-960x540,SkyMultiscatteringCompute,1,0.0779,0.0594,0.2836,646
R5-960x540,SkySkyCompute,2,0.0626,0.0522,0.2724,646
R5-960x540,SkyAeCompute,3,0.0247,0.0195,0.2393,646
R5-960x540,ConvolveCubeCompute,4,0.0663,0.0492,0.2726,646
R5-960x540,GpuInputUpload,5,0.0039,0.0026,0.0140,646
R5-960x540,VoxelWorldPerframeCompute,6,0.0367,0.0287,0.2497,646
R5-960x540,PerChunkCompute,7,0.0092,0.0072,0.0102,646
R5-960x540,ChunkEditCompute,8,0.0023,0.0010,0.0020,646
R5-960x540,ChunkEditPostProcessCompute,9,0.0023,0.0010,0.0031,646
R5-960x540,ChunkOptCompute,10,0.0028,0.0010,0.0020,646
R5-960x540,ChunkOptCompute#2,11,0.0019,0.0010,0.0020,646
R5-960x540,ChunkAllocCompute,12,0.0019,0.0010,0.0020,646
R5-960x540,VoxelParticlePerframeCompute,13,0.0047,0.0031,0.0041,646
R5-960x540,SimParticleSimCompute,14,0.0359,0.0266,0.2488,646
R5-960x540,GpuOutputDownload,15,0.0031,0.0022,0.0136,646
R5-960x540,GrassStrandSimCompute,16,0.0658,0.0563,0.2796,646
R5-960x540,FlowerSimCompute,17,0.1300,0.1085,0.3314,646
R5-960x540,TreeParticleSimCompute,18,0.0106,0.0092,0.0102,646
R5-960x540,FireParticleSimCompute,19,0.0091,0.0072,0.0113,646
R5-960x540,TraceDepthPrepassCompute,20,0.2007,0.1577,0.7474,646
R5-960x540,TracePrimaryCompute,21,0.6332,0.5079,1.1345,646
R5-960x540,R32D32Blit,22,0.0244,0.0246,0.0266,646
R5-960x540,SimParticleCubeParticleRaster,23,0.0005,0.0006,0.0010,646
R5-960x540,SimParticleCubeParticleShadowRaster,24,0.0101,0.0102,0.0102,646
R5-960x540,GrassStrandCubeParticleRaster,25,0.2284,0.2284,0.2355,646
R5-960x540,GrassStrandCubeParticleShadowRaster,26,0.0047,0.0041,0.0051,646
R5-960x540,FlowerCubeParticleRaster,27,0.0221,0.0223,0.0236,646
R5-960x540,FlowerCubeParticleShadowRaster,28,0.0161,0.0164,0.0174,646
R5-960x540,TreeParticleCubeParticleRaster,29,0.0073,0.0071,0.0080,646
R5-960x540,TreeParticleCubeParticleShadowRaster,30,0.0039,0.0041,0.0041,646
R5-960x540,FireParticleCubeParticleRaster,31,0.0066,0.0068,0.0072,646
R5-960x540,FireParticleCubeParticleShadowRaster,32,0.0038,0.0041,0.0041,646
R5-960x540,SimParticleSplatParticleRaster,33,0.0066,0.0061,0.0072,646
R5-960x540,GrassStrandSplatParticleRaster,34,0.0479,0.0478,0.0501,646
R5-960x540,FlowerSplatParticleRaster,35,0.0160,0.0162,0.0174,646
R5-960x540,TreeParticleSplatParticleRaster,36,0.0001,0.0000,0.0008,646
R5-960x540,FireParticleSplatParticleRaster,37,0.0008,0.0006,0.0010,646
R5-960x540,TraceSecondaryCompute,38,0.6235,0.5110,1.4295,646
R5-960x540,CalculateReprojectionMapCompute,39,0.0643,0.0625,0.0635,646
R5-960x540,IrcacheScrollCascadesCompute,40,0.0274,0.0246,0.0256,646
R5-960x540,IrcachePrepareAgeDispatchCompute,41,0.0030,0.0020,0.0031,646
R5-960x540,AgeIrcacheEntriesCompute,42,0.0048,0.0051,0.0051,646
R5-960x540,PrefixScan1Compute,43,0.0401,0.0399,0.0410,646
R5-960x540,PrefixScan2Compute,44,0.0034,0.0031,0.0041,646
R5-960x540,PrefixScanMergeCompute,45,0.0092,0.0092,0.0102,646
R5-960x540,IrcacheCompactEntriesCompute,46,0.0026,0.0031,0.0031,646
R5-960x540,IrcachePrepareTraceDispatchCompute,47,0.0035,0.0035,0.0052,646
R5-960x540,IrcacheResetCompute,48,0.0319,0.0317,0.0342,646
R5-960x540,IrcacheTraceAccessCompute,49,0.1173,0.0973,0.2611,646
R5-960x540,IrcacheValidateCompute,50,0.3720,0.3594,0.9308,646
R5-960x540,TraceIrradianceCompute,51,0.3582,0.3471,0.8252,646
R5-960x540,SumUpIrradianceCompute,52,0.0158,0.0154,0.0174,646
R5-960x540,RtdgiFullresReprojectCompute,53,0.0536,0.0512,0.0563,646
R5-960x540,DownscaleCompute,54,0.0199,0.0195,0.0195,646
R5-960x540,DownscaleCompute#2,55,0.0326,0.0297,0.0307,646
R5-960x540,SsaoCompute,56,0.0099,0.0102,0.0113,646
R5-960x540,SsaoSpatialFilterCompute,57,0.0171,0.0164,0.0174,646
R5-960x540,SsaoUpscaleCompute,58,0.0406,0.0410,0.0420,646
R5-960x540,SsaoTemporalFilterCompute,59,0.0359,0.0358,0.0369,646
R5-960x540,DownscaleCompute#3,60,0.0075,0.0072,0.0082,646
R5-960x540,RtdgiValidateCompute,61,0.0787,0.0328,0.7619,646
R5-960x540,RtdgiTraceCompute,62,1.1641,1.1940,1.7674,646
R5-960x540,RtdgiValidityIntegrateCompute,63,0.0525,0.0502,0.0573,646
R5-960x540,RtdgiRestirTemporalCompute,64,0.1493,0.1475,0.1669,646
R5-960x540,RtdgiRestirSpatialCompute,65,0.0867,0.0870,0.0891,646
R5-960x540,RtdgiRestirSpatialCompute#2,66,0.0651,0.0635,0.0696,646
R5-960x540,RtdgiRestirResolveCompute,67,0.1899,0.1874,0.6482,646
R5-960x540,RtdgiTemporalFilterCompute,68,0.1372,0.1341,0.4485,646
R5-960x540,RtdgiSpatialFilterCompute,69,0.1024,0.0993,0.1106,646
R5-960x540,RtrTraceCompute,70,0.0434,0.0420,0.0440,646
R5-960x540,RtrValidateCompute,71,0.0904,0.0891,0.1044,646
R5-960x540,RtrRestirTemporalCompute,72,0.1328,0.1178,0.5939,646
R5-960x540,RtrRestirResolveCompute,73,0.1999,0.1976,0.1997,646
R5-960x540,RtrTemporalFilterCompute,74,0.1537,0.1556,0.5918,646
R5-960x540,RtrSpatialFilterCompute,75,0.0458,0.0440,0.0471,646
R5-960x540,LightGbufferCompute,76,0.1091,0.1044,0.4588,646
R5-960x540,TaaReprojectCompute,77,0.0632,0.0635,0.0676,646
R5-960x540,TaaFilterInputCompute,78,0.0919,0.0891,0.0911,646
R5-960x540,TaaFilterHistoryCompute,79,0.0702,0.0676,0.0717,646
R5-960x540,TaaInputProbCompute,80,0.1245,0.1239,0.5857,646
R5-960x540,TaaProbFilterCompute,81,0.0231,0.0236,0.0236,646
R5-960x540,TaaProbFilter2Compute,82,0.0517,0.0512,0.0522,646
R5-960x540,TaaCompute,83,0.1994,0.1935,0.6574,646
R5-960x540,BlurCompute,84,0.0464,0.0461,0.0481,646
R5-960x540,BlurCompute#2,85,0.0138,0.0133,0.0143,646
R5-960x540,BlurCompute#3,86,0.0055,0.0051,0.0061,646
R5-960x540,CalculateHistogramCompute,87,0.0151,0.0133,0.0143,646
R5-960x540,PostprocessingRaster,88,0.0219,0.0215,0.0225,646
R5-960x540,BlurCompute#4,89,0.0061,0.0061,0.0072,646
R5-960x540,ImGuiDraw,90,0.0001,0.0001,0.0001,646
R5-960x540,BlurCompute#5,91,0.0056,0.0051,0.0072,646
R5-960x540,BlurCompute#6,92,0.0047,0.0051,0.0051,646
R5-960x540,BlurCompute#7,93,0.0047,0.0051,0.0051,646
R5-960x540,BlurCompute#8,94,0.0047,0.0051,0.0055,646
S1-island-still,__wall_frame__,-1,11.3405,11.1658,15.8065,1235
S1-island-still,__gpu_span__,-1,11.2161,11.1766,15.4688,1235
S1-island-still,__gpu_sum__,-1,10.8750,10.8321,15.1907,1235
S1-island-still,__gpu_gap__,-1,0.3412,0.3889,0.8121,1235
S1-island-still,SkyTransmittanceCompute,0,0.0885,0.0799,0.3171,1235
S1-island-still,SkyMultiscatteringCompute,1,0.0749,0.0604,0.2949,1235
S1-island-still,SkySkyCompute,2,0.0653,0.0522,0.2888,1235
S1-island-still,SkyAeCompute,3,0.0239,0.0195,0.2509,1235
S1-island-still,ConvolveCubeCompute,4,0.0593,0.0492,0.2836,1235
S1-island-still,GpuInputUpload,5,0.0039,0.0026,0.0140,1235
S1-island-still,VoxelWorldPerframeCompute,6,0.0386,0.0291,0.2632,1235
S1-island-still,PerChunkCompute,7,0.0102,0.0072,0.2396,1235
S1-island-still,ChunkEditCompute,8,0.0008,0.0010,0.0020,1235
S1-island-still,ChunkEditPostProcessCompute,9,0.0013,0.0010,0.0020,1235
S1-island-still,ChunkOptCompute,10,0.0008,0.0010,0.0020,1235
S1-island-still,ChunkOptCompute#2,11,0.0006,0.0010,0.0020,1235
S1-island-still,ChunkAllocCompute,12,0.0006,0.0010,0.0020,1235
S1-island-still,VoxelParticlePerframeCompute,13,0.0031,0.0031,0.0041,1235
S1-island-still,SimParticleSimCompute,14,0.0312,0.0256,0.2621,1235
S1-island-still,GpuOutputDownload,15,0.0031,0.0023,0.0136,1235
S1-island-still,GrassStrandSimCompute,16,0.0705,0.0582,0.2957,1235
S1-island-still,FlowerSimCompute,17,0.1314,0.1075,0.3433,1235
S1-island-still,TreeParticleSimCompute,18,0.0099,0.0082,0.0092,1235
S1-island-still,FireParticleSimCompute,19,0.0085,0.0061,0.0102,1235
S1-island-still,TraceDepthPrepassCompute,20,0.3031,0.2632,0.5427,1235
S1-island-still,TracePrimaryCompute,21,1.0753,1.0772,1.4653,1235
S1-island-still,R32D32Blit,22,0.0421,0.0420,0.0451,1235
S1-island-still,SimParticleCubeParticleRaster,23,0.0005,0.0006,0.0010,1235
S1-island-still,SimParticleCubeParticleShadowRaster,24,0.0098,0.0102,0.0102,1235
S1-island-still,GrassStrandCubeParticleRaster,25,0.3828,0.3826,0.3981,1235
S1-island-still,GrassStrandCubeParticleShadowRaster,26,0.0053,0.0051,0.0061,1235
S1-island-still,FlowerCubeParticleRaster,27,0.0325,0.0317,0.0348,1235
S1-island-still,FlowerCubeParticleShadowRaster,28,0.0149,0.0143,0.0164,1235
S1-island-still,TreeParticleCubeParticleRaster,29,0.0075,0.0072,0.0082,1235
S1-island-still,TreeParticleCubeParticleShadowRaster,30,0.0049,0.0051,0.0051,1235
S1-island-still,FireParticleCubeParticleRaster,31,0.0070,0.0071,0.0078,1235
S1-island-still,FireParticleCubeParticleShadowRaster,32,0.0047,0.0051,0.0051,1235
S1-island-still,SimParticleSplatParticleRaster,33,0.0068,0.0070,0.0072,1235
S1-island-still,GrassStrandSplatParticleRaster,34,0.0505,0.0502,0.0532,1235
S1-island-still,FlowerSplatParticleRaster,35,0.0160,0.0162,0.0174,1235
S1-island-still,TreeParticleSplatParticleRaster,36,0.0003,0.0000,0.0010,1235
S1-island-still,FireParticleSplatParticleRaster,37,0.0003,0.0000,0.0010,1235
S1-island-still,TraceSecondaryCompute,38,0.7535,0.7434,1.2012,1235
S1-island-still,CalculateReprojectionMapCompute,39,0.1222,0.1096,0.5550,1235
S1-island-still,IrcacheScrollCascadesCompute,40,0.0253,0.0246,0.0256,1235
S1-island-still,IrcachePrepareAgeDispatchCompute,41,0.0016,0.0020,0.0031,1235
S1-island-still,AgeIrcacheEntriesCompute,42,0.0042,0.0041,0.0051,1235
S1-island-still,PrefixScan1Compute,43,0.0413,0.0399,0.0410,1235
S1-island-still,PrefixScan2Compute,44,0.0031,0.0031,0.0041,1235
S1-island-still,PrefixScanMergeCompute,45,0.0085,0.0082,0.0092,1235
S1-island-still,IrcacheCompactEntriesCompute,46,0.0019,0.0020,0.0031,1235
S1-island-still,IrcachePrepareTraceDispatchCompute,47,0.0038,0.0037,0.0053,1235
S1-island-still,IrcacheResetCompute,48,0.0346,0.0339,0.0362,1235
S1-island-still,IrcacheTraceAccessCompute,49,0.1199,0.0932,0.5109,1235
S1-island-still,IrcacheValidateCompute,50,0.3909,0.3779,0.8586,1235
S1-island-still,TraceIrradianceCompute,51,0.3757,0.3635,0.8162,1235
S1-island-still,SumUpIrradianceCompute,52,0.0159,0.0143,0.0169,1235
S1-island-still,RtdgiFullresReprojectCompute,53,0.1037,0.0973,0.5356,1235
S1-island-still,DownscaleCompute,54,0.0317,0.0307,0.0317,1235
S1-island-still,DownscaleCompute#2,55,0.0492,0.0481,0.0492,1235
S1-island-still,SsaoCompute,56,0.0138,0.0133,0.0143,1235
S1-island-still,SsaoSpatialFilterCompute,57,0.0261,0.0256,0.0266,1235
S1-island-still,SsaoUpscaleCompute,58,0.0694,0.0686,0.0707,1235
S1-island-still,SsaoTemporalFilterCompute,59,0.0610,0.0594,0.0604,1235
S1-island-still,DownscaleCompute#3,60,0.0096,0.0092,0.0113,1235
S1-island-still,RtdgiValidateCompute,61,0.1338,0.0584,1.2646,1235
S1-island-still,RtdgiTraceCompute,62,1.9032,1.9456,2.5262,1235
S1-island-still,RtdgiValidityIntegrateCompute,63,0.0855,0.0840,0.0932,1235
S1-island-still,RtdgiRestirTemporalCompute,64,0.2488,0.2468,0.5601,1235
S1-island-still,RtdgiRestirSpatialCompute,65,0.1392,0.1362,0.1434,1235
S1-island-still,RtdgiRestirSpatialCompute#2,66,0.1074,0.1065,0.1106,1235
S1-island-still,RtdgiRestirResolveCompute,67,0.3430,0.3389,0.7885,1235
S1-island-still,RtdgiTemporalFilterCompute,68,0.2396,0.2355,0.6789,1235
S1-island-still,RtdgiSpatialFilterCompute,69,0.2021,0.1976,0.6369,1235
S1-island-still,RtrTraceCompute,70,0.0715,0.0686,0.0778,1235
S1-island-still,RtrValidateCompute,71,0.1268,0.1260,0.1434,1235
S1-island-still,RtrRestirTemporalCompute,72,0.2050,0.1925,0.6523,1235
S1-island-still,RtrRestirResolveCompute,73,0.4840,0.3359,4.2435,1235
S1-island-still,RtrTemporalFilterCompute,74,0.2649,0.2673,0.5765,1235
S1-island-still,RtrSpatialFilterCompute,75,0.0685,0.0686,0.0758,1235
S1-island-still,LightGbufferCompute,76,0.1711,0.1690,0.1782,1235
S1-island-still,TaaReprojectCompute,77,0.1131,0.1096,0.4219,1235
S1-island-still,TaaFilterInputCompute,78,0.1612,0.1536,0.5960,1235
S1-island-still,TaaFilterHistoryCompute,79,0.1280,0.1239,0.2140,1235
S1-island-still,TaaInputProbCompute,80,0.1763,0.1700,0.2007,1235
S1-island-still,TaaProbFilterCompute,81,0.0420,0.0399,0.0420,1235
S1-island-still,TaaProbFilter2Compute,82,0.0926,0.0901,0.0911,1235
S1-island-still,TaaCompute,83,0.3370,0.3297,0.7762,1235
S1-island-still,BlurCompute,84,0.0740,0.0727,0.0768,1235
S1-island-still,BlurCompute#2,85,0.0183,0.0164,0.0195,1235
S1-island-still,BlurCompute#3,86,0.0074,0.0072,0.0082,1235
S1-island-still,BlurCompute#4,87,0.0043,0.0041,0.0051,1235
S1-island-still,CalculateHistogramCompute,88,0.0071,0.0072,0.0082,1235
S1-island-still,PostprocessingRaster,89,0.0355,0.0358,0.0369,1235
S1-island-still,BlurCompute#5,90,0.0065,0.0051,0.0072,1235
S1-island-still,ImGuiDraw,91,0.0001,0.0001,0.0001,1235
S1-island-still,BlurCompute#6,92,0.0067,0.0067,0.0095,1235
S1-island-still,BlurCompute#7,93,0.0037,0.0041,0.0051,1235
S1-island-still,BlurCompute#8,94,0.0050,0.0041,0.0051,1235
S1-island-still,BlurCompute#9,95,0.0042,0.0041,0.0051,1235
S2-island-moving,__wall_frame__,-1,8.6370,8.2034,20.1645,2084
S2-island-moving,__gpu_span__,-1,8.5397,8.1541,19.9825,2084
S2-island-moving,__gpu_sum__,-1,8.2043,7.8017,19.7035,2084
S2-island-moving,__gpu_gap__,-1,0.3354,0.2904,0.8936,2084
S2-island-moving,SkyTransmittanceCompute,0,0.0877,0.0797,0.3149,2084
S2-island-moving,SkyMultiscatteringCompute,1,0.0742,0.0604,0.2949,2084
S2-island-moving,SkySkyCompute,2,0.0657,0.0522,0.2859,2084
S2-island-moving,SkyAeCompute,3,0.0241,0.0195,0.2509,2084
S2-island-moving,ConvolveCubeCompute,4,0.0592,0.0492,0.2836,2084
S2-island-moving,GpuInputUpload,5,0.0036,0.0026,0.0139,2084
S2-island-moving,VoxelWorldPerframeCompute,6,0.0285,0.0215,0.2580,2084
S2-island-moving,PerChunkCompute,7,0.0118,0.0072,0.2409,2084
S2-island-moving,ChunkEditCompute,8,0.1707,0.0010,5.0668,2084
S2-island-moving,ChunkEditPostProcessCompute,9,0.0625,0.0010,1.8186,2084
S2-island-moving,ChunkOptCompute,10,0.0377,0.0010,1.0957,2084
S2-island-moving,ChunkOptCompute#2,11,0.0048,0.0010,0.1024,2084
S2-island-moving,ChunkAllocCompute,12,0.1064,0.0010,3.3085,2084
S2-island-moving,VoxelParticlePerframeCompute,13,0.0060,0.0041,0.0082,2084
S2-island-moving,SimParticleSimCompute,14,0.0319,0.0256,0.2598,2084
S2-island-moving,GpuOutputDownload,15,0.0032,0.0023,0.0137,2084
S2-island-moving,GrassStrandSimCompute,16,0.0687,0.0553,0.2929,2084
S2-island-moving,FlowerSimCompute,17,0.1099,0.0911,0.3310,2084
S2-island-moving,TreeParticleSimCompute,18,0.0119,0.0092,0.2376,2084
S2-island-moving,FireParticleSimCompute,19,0.0062,0.0041,0.0055,2084
S2-island-moving,TraceDepthPrepassCompute,20,0.3168,0.3011,0.8814,2084
S2-island-moving,TracePrimaryCompute,21,1.0579,1.1786,1.8515,2084
S2-island-moving,R32D32Blit,22,0.0385,0.0369,0.0502,2084
S2-island-moving,SimParticleCubeParticleRaster,23,0.0005,0.0007,0.0010,2084
S2-island-moving,SimParticleCubeParticleShadowRaster,24,0.0098,0.0102,0.0102,2084
S2-island-moving,GrassStrandCubeParticleRaster,25,0.1111,0.1147,0.2140,2084
S2-island-moving,GrassStrandCubeParticleShadowRaster,26,0.0017,0.0000,0.0051,2084
S2-island-moving,FlowerCubeParticleRaster,27,0.0201,0.0215,0.0307,2084
S2-island-moving,FlowerCubeParticleShadowRaster,28,0.0055,0.0051,0.0133,2084
S2-island-moving,TreeParticleCubeParticleRaster,29,0.0071,0.0072,0.0082,2084
S2-island-moving,TreeParticleCubeParticleShadowRaster,30,0.0047,0.0051,0.0051,2084
S2-island-moving,FireParticleCubeParticleRaster,31,0.0070,0.0072,0.0079,2084
S2-island-moving,FireParticleCubeParticleShadowRaster,32,0.0047,0.0051,0.0051,2084
S2-island-moving,SimParticleSplatParticleRaster,33,0.0068,0.0070,0.0072,2084
S2-island-moving,GrassStrandSplatParticleRaster,34,0.0167,0.0102,0.0553,2084
S2-island-moving,FlowerSplatParticleRaster,35,0.0100,0.0092,0.0163,2084
S2-island-moving,TreeParticleSplatParticleRaster,36,0.0001,0.0000,0.0009,2084
S2-island-moving,FireParticleSplatParticleRaster,37,0.0008,0.0007,0.0010,2084
S2-island-moving,TraceSecondaryCompute,38,0.4193,0.3359,1.2349,2084
S2-island-moving,CalculateReprojectionMapCompute,39,0.0982,0.0850,0.3041,2084
S2-island-moving,IrcacheScrollCascadesCompute,40,0.0256,0.0246,0.0276,2084
S2-island-moving,IrcachePrepareAgeDispatchCompute,41,0.0027,0.0020,0.0031,2084
S2-island-moving,AgeIrcacheEntriesCompute,42,0.0047,0.0041,0.0061,2084
S2-island-moving,PrefixScan1Compute,43,0.0420,0.0399,0.0440,2084
S2-island-moving,PrefixScan2Compute,44,0.0038,0.0031,0.0041,2084
S2-island-moving,PrefixScanMergeCompute,45,0.0097,0.0092,0.0102,2084
S2-island-moving,IrcacheCompactEntriesCompute,46,0.0028,0.0020,0.0031,2084
S2-island-moving,IrcachePrepareTraceDispatchCompute,47,0.0038,0.0035,0.0063,2084
S2-island-moving,IrcacheResetCompute,48,0.0198,0.0154,0.0512,2084
S2-island-moving,IrcacheTraceAccessCompute,49,0.0780,0.0809,0.1382,2084
S2-island-moving,IrcacheValidateCompute,50,0.2026,0.2099,0.4885,2084
S2-island-moving,TraceIrradianceCompute,51,0.2116,0.2130,0.6671,2084
S2-island-moving,SumUpIrradianceCompute,52,0.0115,0.0102,0.0205,2084
S2-island-moving,RtdgiFullresReprojectCompute,53,0.0724,0.0676,0.2386,2084
S2-island-moving,DownscaleCompute,54,0.0312,0.0287,0.0328,2084
S2-island-moving,DownscaleCompute#2,55,0.0415,0.0369,0.0584,2084
S2-island-moving,SsaoCompute,56,0.0146,0.0123,0.0184,2084
S2-island-moving,SsaoSpatialFilterCompute,57,0.0224,0.0164,0.2130,2084
S2-island-moving,SsaoUpscaleCompute,58,0.0616,0.0502,0.2642,2084
S2-island-moving,SsaoTemporalFilterCompute,59,0.0606,0.0573,0.2417,2084
S2-island-moving,DownscaleCompute#3,60,0.0104,0.0102,0.0123,2084
S2-island-moving,RtdgiValidateCompute,61,0.0858,0.0369,1.1008,2084
S2-island-moving,RtdgiTraceCompute,62,0.8179,0.6973,2.5795,2084
S2-island-moving,RtdgiValidityIntegrateCompute,63,0.0884,0.0850,0.2652,2084
S2-island-moving,RtdgiRestirTemporalCompute,64,0.1510,0.1270,0.4131,2084
S2-island-moving,RtdgiRestirSpatialCompute,65,0.1017,0.0809,0.3922,2084
S2-island-moving,RtdgiRestirSpatialCompute#2,66,0.0656,0.0604,0.1352,2084
S2-island-moving,RtdgiRestirResolveCompute,67,0.1849,0.1434,0.6758,2084
S2-island-moving,RtdgiTemporalFilterCompute,68,0.2234,0.2294,0.6157,2084
S2-island-moving,RtdgiSpatialFilterCompute,69,0.1663,0.1413,0.4475,2084
S2-island-moving,RtrTraceCompute,70,0.0659,0.0614,0.0748,2084
S2-island-moving,RtrValidateCompute,71,0.0937,0.0881,0.2345,2084
S2-island-moving,RtrRestirTemporalCompute,72,0.1369,0.1116,0.2253,2084
S2-island-moving,RtrRestirResolveCompute,73,0.2363,0.1833,0.6205,2084
S2-island-moving,RtrTemporalFilterCompute,74,0.2434,0.2396,0.6717,2084
S2-island-moving,RtrSpatialFilterCompute,75,0.0761,0.0563,0.1679,2084
S2-island-moving,LightGbufferCompute,76,0.1868,0.1864,0.6236,2084
S2-island-moving,TaaReprojectCompute,77,0.1193,0.1188,0.1290,2084
S2-island-moving,TaaFilterInputCompute,78,0.1598,0.1526,0.5970,2084
S2-island-moving,TaaFilterHistoryCompute,79,0.1242,0.1219,0.1260,2084
S2-island-moving,TaaInputProbCompute,80,0.1787,0.1731,0.5089,2084
S2-island-moving,TaaProbFilterCompute,81,0.0400,0.0389,0.0399,2084
S2-island-moving,TaaProbFilter2Compute,82,0.0914,0.0891,0.0911,2084
S2-island-moving,TaaCompute,83,0.3467,0.3379,0.7834,2084
S2-island-moving,BlurCompute,84,0.0772,0.0748,0.0788,2084
S2-island-moving,BlurCompute#2,85,0.0180,0.0174,0.0195,2084
S2-island-moving,BlurCompute#3,86,0.0075,0.0072,0.0082,2084
S2-island-moving,BlurCompute#4,87,0.0051,0.0051,0.0061,2084
S2-island-moving,CalculateHistogramCompute,88,0.0076,0.0082,0.0092,2084
S2-island-moving,PostprocessingRaster,89,0.0340,0.0338,0.0369,2084
S2-island-moving,BlurCompute#5,90,0.0055,0.0051,0.0061,2084
S2-island-moving,ImGuiDraw,91,0.0001,0.0001,0.0001,2084
S2-island-moving,BlurCompute#6,92,0.0052,0.0051,0.0076,2084
S2-island-moving,BlurCompute#7,93,0.0046,0.0041,0.0051,2084
S2-island-moving,BlurCompute#8,94,0.0048,0.0051,0.0051,2084
S2-island-moving,BlurCompute#9,95,0.0047,0.0041,0.0051,2084
T1-fsr2,__wall_frame__,-1,10.6775,10.5343,11.2555,468
T1-fsr2,__gpu_span__,-1,10.4458,10.5401,10.9052,468
T1-fsr2,__gpu_sum__,-1,10.0139,10.0655,10.5559,468
T1-fsr2,__gpu_gap__,-1,0.4319,0.4691,0.8818,468
T1-fsr2,SkyTransmittanceCompute,0,0.0864,0.0797,0.3170,468
T1-fsr2,SkyMultiscatteringCompute,1,0.0759,0.0604,0.2980,468
T1-fsr2,SkySkyCompute,2,0.0618,0.0522,0.2882,468
T1-fsr2,SkyAeCompute,3,0.0207,0.0195,0.0205,468
T1-fsr2,ConvolveCubeCompute,4,0.0522,0.0492,0.2818,468
T1-fsr2,GpuInputUpload,5,0.0031,0.0026,0.0135,468
T1-fsr2,VoxelWorldPerframeCompute,6,0.0268,0.0205,0.2543,468
T1-fsr2,PerChunkCompute,7,0.0113,0.0082,0.0092,468
T1-fsr2,ChunkEditCompute,8,0.0018,0.0010,0.0020,468
T1-fsr2,ChunkEditPostProcessCompute,9,0.0033,0.0010,0.0041,468
T1-fsr2,ChunkOptCompute,10,0.0013,0.0010,0.0020,468
T1-fsr2,ChunkOptCompute#2,11,0.0018,0.0010,0.0020,468
T1-fsr2,ChunkAllocCompute,12,0.0013,0.0010,0.0020,468
T1-fsr2,VoxelParticlePerframeCompute,13,0.0054,0.0031,0.0072,468
T1-fsr2,SimParticleSimCompute,14,0.0318,0.0266,0.2606,468
T1-fsr2,GpuOutputDownload,15,0.0028,0.0023,0.0135,468
T1-fsr2,GrassStrandSimCompute,16,0.0812,0.0563,0.2970,468
T1-fsr2,FlowerSimCompute,17,0.1485,0.1044,0.6859,468
T1-fsr2,TreeParticleSimCompute,18,0.0162,0.0092,0.2468,468
T1-fsr2,FireParticleSimCompute,19,0.0135,0.0082,0.2468,468
T1-fsr2,TraceDepthPrepassCompute,20,0.2726,0.2273,0.5048,468
T1-fsr2,TracePrimaryCompute,21,0.8764,0.9032,1.3421,468
T1-fsr2,R32D32Blit,22,0.0403,0.0399,0.0430,468
T1-fsr2,SimParticleCubeParticleRaster,23,0.0021,0.0007,0.0082,468
T1-fsr2,SimParticleCubeParticleShadowRaster,24,0.0110,0.0102,0.0102,468
T1-fsr2,GrassStrandCubeParticleRaster,25,0.3890,0.3889,0.4014,468
T1-fsr2,GrassStrandCubeParticleShadowRaster,26,0.0071,0.0051,0.1812,468
T1-fsr2,FlowerCubeParticleRaster,27,0.0298,0.0297,0.0317,468
T1-fsr2,FlowerCubeParticleShadowRaster,28,0.0151,0.0154,0.0164,468
T1-fsr2,TreeParticleCubeParticleRaster,29,0.0076,0.0072,0.0082,468
T1-fsr2,TreeParticleCubeParticleShadowRaster,30,0.0048,0.0051,0.0051,468
T1-fsr2,FireParticleCubeParticleRaster,31,0.0070,0.0072,0.0078,468
T1-fsr2,FireParticleCubeParticleShadowRaster,32,0.0047,0.0051,0.0051,468
T1-fsr2,SimParticleSplatParticleRaster,33,0.0072,0.0070,0.0072,468
T1-fsr2,GrassStrandSplatParticleRaster,34,0.0507,0.0508,0.0532,468
T1-fsr2,FlowerSplatParticleRaster,35,0.0162,0.0164,0.0174,468
T1-fsr2,TreeParticleSplatParticleRaster,36,0.0002,0.0000,0.0010,468
T1-fsr2,FireParticleSplatParticleRaster,37,0.0004,0.0000,0.0010,468
T1-fsr2,TraceSecondaryCompute,38,0.6936,0.6789,1.1305,468
T1-fsr2,CalculateReprojectionMapCompute,39,0.1074,0.1075,0.1085,468
T1-fsr2,IrcacheScrollCascadesCompute,40,0.0407,0.0246,0.4626,468
T1-fsr2,IrcachePrepareAgeDispatchCompute,41,0.0024,0.0020,0.0031,468
T1-fsr2,AgeIrcacheEntriesCompute,42,0.0047,0.0051,0.0061,468
T1-fsr2,PrefixScan1Compute,43,0.0418,0.0399,0.0410,468
T1-fsr2,PrefixScan2Compute,44,0.0035,0.0031,0.0041,468
T1-fsr2,PrefixScanMergeCompute,45,0.0102,0.0092,0.0102,468
T1-fsr2,IrcacheCompactEntriesCompute,46,0.0027,0.0031,0.0031,468
T1-fsr2,IrcachePrepareTraceDispatchCompute,47,0.0035,0.0035,0.0052,468
T1-fsr2,IrcacheResetCompute,48,0.0331,0.0317,0.0338,468
T1-fsr2,IrcacheTraceAccessCompute,49,0.1255,0.0932,0.2714,468
T1-fsr2,IrcacheValidateCompute,50,0.3782,0.3615,0.8219,468
T1-fsr2,TraceIrradianceCompute,51,0.3534,0.3461,0.7444,468
T1-fsr2,SumUpIrradianceCompute,52,0.0149,0.0154,0.0164,468
T1-fsr2,RtdgiFullresReprojectCompute,53,0.0962,0.0901,0.5233,468
T1-fsr2,DownscaleCompute,54,0.0350,0.0317,0.0328,468
T1-fsr2,DownscaleCompute#2,55,0.0525,0.0492,0.0532,468
T1-fsr2,SsaoCompute,56,0.0145,0.0143,0.0154,468
T1-fsr2,SsaoSpatialFilterCompute,57,0.0266,0.0266,0.0276,468
T1-fsr2,SsaoUpscaleCompute,58,0.0718,0.0696,0.0717,468
T1-fsr2,SsaoTemporalFilterCompute,59,0.0606,0.0594,0.0614,468
T1-fsr2,DownscaleCompute#3,60,0.0105,0.0102,0.0123,468
T1-fsr2,RtdgiValidateCompute,61,0.1318,0.0584,1.2196,468
T1-fsr2,RtdgiTraceCompute,62,1.8855,1.9384,2.5139,468
T1-fsr2,RtdgiValidityIntegrateCompute,63,0.0895,0.0850,0.0952,468
T1-fsr2,RtdgiRestirTemporalCompute,64,0.2564,0.2509,0.6830,468
T1-fsr2,RtdgiRestirSpatialCompute,65,0.1438,0.1434,0.1505,468
T1-fsr2,RtdgiRestirSpatialCompute#2,66,0.1095,0.1055,0.1178,468
T1-fsr2,RtdgiRestirResolveCompute,67,0.2965,0.2847,0.7311,468
T1-fsr2,RtdgiTemporalFilterCompute,68,0.2351,0.2345,0.6656,468
T1-fsr2,RtdgiSpatialFilterCompute,69,0.1873,0.1833,0.4874,468
T1-fsr2,RtrTraceCompute,70,0.0802,0.0768,0.0809,468
T1-fsr2,RtrValidateCompute,71,0.1320,0.1229,0.5847,468
T1-fsr2,RtrRestirTemporalCompute,72,0.1992,0.1966,0.2048,468
T1-fsr2,RtrRestirResolveCompute,73,0.3531,0.3369,0.7803,468
T1-fsr2,RtrTemporalFilterCompute,74,0.2641,0.2662,0.7083,468
T1-fsr2,RtrSpatialFilterCompute,75,0.0693,0.0686,0.0748,468
T1-fsr2,LightGbufferCompute,76,0.1745,0.1720,0.1772,468
T1-fsr2,FSR2,77,0.6579,0.6277,1.1018,468
T1-fsr2,BlurCompute,78,0.0773,0.0758,0.0799,468
T1-fsr2,BlurCompute#2,79,0.0177,0.0174,0.0184,468
T1-fsr2,BlurCompute#3,80,0.0077,0.0072,0.0087,468
T1-fsr2,BlurCompute#4,81,0.0051,0.0051,0.0061,468
T1-fsr2,CalculateHistogramCompute,82,0.0072,0.0072,0.0082,468
T1-fsr2,PostprocessingRaster,83,0.0343,0.0348,0.0358,468
T1-fsr2,BlurCompute#5,84,0.0065,0.0051,0.0061,468
T1-fsr2,ImGuiDraw,85,0.0001,0.0001,0.0001,468
T1-fsr2,BlurCompute#6,86,0.0046,0.0051,0.0051,468
T1-fsr2,BlurCompute#7,87,0.0047,0.0051,0.0051,468
T1-fsr2,BlurCompute#8,88,0.0054,0.0051,0.0051,468
T1-fsr2,BlurCompute#9,89,0.0047,0.0051,0.0051,468
V1-wall,__wall_frame__,-1,11.7003,11.6510,12.5737,1197
V1-wall,__gpu_span__,-1,11.6263,11.6391,12.3652,1197
V1-wall,__gpu_sum__,-1,11.3529,11.3738,12.1013,1197
V1-wall,__gpu_gap__,-1,0.2734,0.2220,0.7841,1197
V1-wall,SkyTransmittanceCompute,0,0.0898,0.0795,0.3150,1197
V1-wall,SkyMultiscatteringCompute,1,0.0751,0.0594,0.2929,1197
V1-wall,SkySkyCompute,2,0.0672,0.0522,0.2851,1197
V1-wall,SkyAeCompute,3,0.0231,0.0195,0.2488,1197
V1-wall,ConvolveCubeCompute,4,0.0572,0.0492,0.2823,1197
V1-wall,GpuInputUpload,5,0.0037,0.0027,0.0139,1197
V1-wall,VoxelWorldPerframeCompute,6,0.0329,0.0254,0.2583,1197
V1-wall,PerChunkCompute,7,0.0090,0.0072,0.0087,1197
V1-wall,ChunkEditCompute,8,0.0010,0.0010,0.0020,1197
V1-wall,ChunkEditPostProcessCompute,9,0.0015,0.0010,0.0020,1197
V1-wall,ChunkOptCompute,10,0.0009,0.0010,0.0020,1197
V1-wall,ChunkOptCompute#2,11,0.0008,0.0010,0.0020,1197
V1-wall,ChunkAllocCompute,12,0.0009,0.0010,0.0020,1197
V1-wall,VoxelParticlePerframeCompute,13,0.0047,0.0031,0.0042,1197
V1-wall,SimParticleSimCompute,14,0.0336,0.0256,0.2601,1197
V1-wall,GpuOutputDownload,15,0.0034,0.0023,0.0138,1197
V1-wall,GrassStrandSimCompute,16,0.0720,0.0567,0.2927,1197
V1-wall,FlowerSimCompute,17,0.1108,0.0901,0.3230,1197
V1-wall,TreeParticleSimCompute,18,0.0113,0.0082,0.2335,1197
V1-wall,FireParticleSimCompute,19,0.0063,0.0041,0.2324,1197
V1-wall,TraceDepthPrepassCompute,20,0.3017,0.2488,0.8663,1197
V1-wall,TracePrimaryCompute,21,0.5078,0.4690,0.9779,1197
V1-wall,R32D32Blit,22,0.0498,0.0492,0.0543,1197
V1-wall,SimParticleCubeParticleRaster,23,0.0005,0.0007,0.0010,1197
V1-wall,SimParticleCubeParticleShadowRaster,24,0.0099,0.0102,0.0102,1197
V1-wall,GrassStrandCubeParticleRaster,25,0.0199,0.0195,0.0211,1197
V1-wall,GrassStrandCubeParticleShadowRaster,26,0.0049,0.0051,0.0051,1197
V1-wall,FlowerCubeParticleRaster,27,0.0117,0.0113,0.0133,1197
V1-wall,FlowerCubeParticleShadowRaster,28,0.0073,0.0072,0.0082,1197
V1-wall,TreeParticleCubeParticleRaster,29,0.0072,0.0072,0.0080,1197
V1-wall,TreeParticleCubeParticleShadowRaster,30,0.0047,0.0051,0.0051,1197
V1-wall,FireParticleCubeParticleRaster,31,0.0072,0.0072,0.0080,1197
V1-wall,FireParticleCubeParticleShadowRaster,32,0.0047,0.0051,0.0051,1197
V1-wall,SimParticleSplatParticleRaster,33,0.0068,0.0070,0.0072,1197
V1-wall,GrassStrandSplatParticleRaster,34,0.0003,0.0000,0.0010,1197
V1-wall,FlowerSplatParticleRaster,35,0.0003,0.0000,0.0010,1197
V1-wall,TreeParticleSplatParticleRaster,36,0.0003,0.0000,0.0010,1197
V1-wall,FireParticleSplatParticleRaster,37,0.0005,0.0007,0.0010,1197
V1-wall,TraceSecondaryCompute,38,1.1883,1.2134,1.6015,1197
V1-wall,CalculateReprojectionMapCompute,39,0.1251,0.1167,0.1372,1197
V1-wall,IrcacheScrollCascadesCompute,40,0.0254,0.0246,0.0256,1197
V1-wall,IrcachePrepareAgeDispatchCompute,41,0.0017,0.0020,0.0031,1197
V1-wall,AgeIrcacheEntriesCompute,42,0.0050,0.0041,0.0061,1197
V1-wall,PrefixScan1Compute,43,0.0412,0.0399,0.0410,1197
V1-wall,PrefixScan2Compute,44,0.0029,0.0031,0.0041,1197
V1-wall,PrefixScanMergeCompute,45,0.0087,0.0082,0.0102,1197
V1-wall,IrcacheCompactEntriesCompute,46,0.0020,0.0020,0.0031,1197
V1-wall,IrcachePrepareTraceDispatchCompute,47,0.0038,0.0038,0.0057,1197
V1-wall,IrcacheResetCompute,48,0.0563,0.0546,0.0584,1197
V1-wall,IrcacheTraceAccessCompute,49,0.1762,0.1441,0.6822,1197
V1-wall,IrcacheValidateCompute,50,0.5089,0.4844,1.0691,1197
V1-wall,TraceIrradianceCompute,51,0.4619,0.4506,0.9128,1197
V1-wall,SumUpIrradianceCompute,52,0.0237,0.0236,0.0252,1197
V1-wall,RtdgiFullresReprojectCompute,53,0.1049,0.1024,0.1044,1197
V1-wall,DownscaleCompute,54,0.0326,0.0317,0.0328,1197
V1-wall,DownscaleCompute#2,55,0.0555,0.0532,0.0553,1197
V1-wall,SsaoCompute,56,0.0158,0.0154,0.0164,1197
V1-wall,SsaoSpatialFilterCompute,57,0.0322,0.0317,0.0328,1197
V1-wall,SsaoUpscaleCompute,58,0.0822,0.0778,0.2499,1197
V1-wall,SsaoTemporalFilterCompute,59,0.0613,0.0594,0.0614,1197
V1-wall,DownscaleCompute#3,60,0.0099,0.0096,0.0113,1197
V1-wall,RtdgiValidateCompute,61,0.1768,0.0686,2.0306,1197
V1-wall,RtdgiTraceCompute,62,2.4685,2.5324,3.1171,1197
V1-wall,RtdgiValidityIntegrateCompute,63,0.0871,0.0840,0.0932,1197
V1-wall,RtdgiRestirTemporalCompute,64,0.3236,0.3092,0.7383,1197
V1-wall,RtdgiRestirSpatialCompute,65,0.1660,0.1608,0.4731,1197
V1-wall,RtdgiRestirSpatialCompute#2,66,0.1188,0.1116,0.1260,1197
V1-wall,RtdgiRestirResolveCompute,67,0.3746,0.3523,0.8008,1197
V1-wall,RtdgiTemporalFilterCompute,68,0.2371,0.2335,0.2427,1197
V1-wall,RtdgiSpatialFilterCompute,69,0.1814,0.1761,0.6159,1197
V1-wall,RtrTraceCompute,70,0.0786,0.0737,0.0860,1197
V1-wall,RtrValidateCompute,71,0.2169,0.2120,0.6738,1197
V1-wall,RtrRestirTemporalCompute,72,0.2035,0.1976,0.6339,1197
V1-wall,RtrRestirResolveCompute,73,0.4438,0.4291,0.8806,1197
V1-wall,RtrTemporalFilterCompute,74,0.2642,0.2591,0.7127,1197
V1-wall,RtrSpatialFilterCompute,75,0.0656,0.0635,0.0686,1197
V1-wall,LightGbufferCompute,76,0.1632,0.1567,0.5888,1197
V1-wall,TaaReprojectCompute,77,0.1048,0.0993,0.4168,1197
V1-wall,TaaFilterInputCompute,78,0.1601,0.1526,0.5980,1197
V1-wall,TaaFilterHistoryCompute,79,0.1278,0.1219,0.5632,1197
V1-wall,TaaInputProbCompute,80,0.1739,0.1700,0.6144,1197
V1-wall,TaaProbFilterCompute,81,0.0406,0.0389,0.0399,1197
V1-wall,TaaProbFilter2Compute,82,0.0933,0.0891,0.3983,1197
V1-wall,TaaCompute,83,0.3370,0.3287,0.7772,1197
V1-wall,BlurCompute,84,0.0762,0.0748,0.0778,1197
V1-wall,BlurCompute#2,85,0.0174,0.0174,0.0184,1197
V1-wall,BlurCompute#3,86,0.0070,0.0072,0.0082,1197
V1-wall,BlurCompute#4,87,0.0044,0.0041,0.0051,1197
V1-wall,CalculateHistogramCompute,88,0.0074,0.0072,0.0082,1197
V1-wall,PostprocessingRaster,89,0.0340,0.0338,0.0348,1197
V1-wall,BlurCompute#5,90,0.0048,0.0051,0.0061,1197
V1-wall,ImGuiDraw,91,0.0001,0.0001,0.0001,1197
V1-wall,BlurCompute#6,92,0.0062,0.0064,0.0091,1197
V1-wall,BlurCompute#7,93,0.0039,0.0041,0.0051,1197
V1-wall,BlurCompute#8,94,0.0042,0.0041,0.0051,1197
V1-wall,BlurCompute#9,95,0.0040,0.0041,0.0051,1197
V2-vista,__wall_frame__,-1,6.7317,6.6671,7.4611,2079
V2-vista,__gpu_span__,-1,6.6935,6.6539,7.2600,2079
V2-vista,__gpu_sum__,-1,6.4439,6.4148,7.0291,2079
V2-vista,__gpu_gap__,-1,0.2495,0.2242,0.7027,2079
V2-vista,SkyTransmittanceCompute,0,0.0932,0.0797,0.3145,2079
V2-vista,SkyMultiscatteringCompute,1,0.0819,0.0594,0.2949,2079
V2-vista,SkySkyCompute,2,0.0690,0.0522,0.2857,2079
V2-vista,SkyAeCompute,3,0.0271,0.0195,0.2509,2079
V2-vista,ConvolveCubeCompute,4,0.0641,0.0492,0.2836,2079
V2-vista,GpuInputUpload,5,0.0034,0.0025,0.0138,2079
V2-vista,VoxelWorldPerframeCompute,6,0.0346,0.0264,0.2571,2079
V2-vista,PerChunkCompute,7,0.0091,0.0072,0.0092,2079
V2-vista,ChunkEditCompute,8,0.0007,0.0010,0.0020,2079
V2-vista,ChunkEditPostProcessCompute,9,0.0013,0.0010,0.0020,2079
V2-vista,ChunkOptCompute,10,0.0011,0.0010,0.0020,2079
V2-vista,ChunkOptCompute#2,11,0.0007,0.0010,0.0020,2079
V2-vista,ChunkAllocCompute,12,0.0010,0.0010,0.0020,2079
V2-vista,VoxelParticlePerframeCompute,13,0.0037,0.0031,0.0041,2079
V2-vista,SimParticleSimCompute,14,0.0339,0.0256,0.2604,2079
V2-vista,GpuOutputDownload,15,0.0033,0.0023,0.0137,2079
V2-vista,GrassStrandSimCompute,16,0.0587,0.0478,0.2817,2079
V2-vista,FlowerSimCompute,17,0.0654,0.0502,0.2842,2079
V2-vista,TreeParticleSimCompute,18,0.0105,0.0082,0.0102,2079
V2-vista,FireParticleSimCompute,19,0.0105,0.0072,0.2368,2079
V2-vista,TraceDepthPrepassCompute,20,0.5195,0.4311,1.0921,2079
V2-vista,TracePrimaryCompute,21,1.4387,1.4326,1.8760,2079
V2-vista,R32D32Blit,22,0.0357,0.0358,0.0369,2079
V2-vista,SimParticleCubeParticleRaster,23,0.0005,0.0007,0.0010,2079
V2-vista,SimParticleCubeParticleShadowRaster,24,0.0098,0.0102,0.0102,2079
V2-vista,GrassStrandCubeParticleRaster,25,0.0074,0.0072,0.0082,2079
V2-vista,GrassStrandCubeParticleShadowRaster,26,0.0049,0.0051,0.0051,2079
V2-vista,FlowerCubeParticleRaster,27,0.0070,0.0071,0.0078,2079
V2-vista,FlowerCubeParticleShadowRaster,28,0.0047,0.0051,0.0051,2079
V2-vista,TreeParticleCubeParticleRaster,29,0.0070,0.0071,0.0078,2079
V2-vista,TreeParticleCubeParticleShadowRaster,30,0.0052,0.0051,0.0051,2079
V2-vista,FireParticleCubeParticleRaster,31,0.0073,0.0072,0.0079,2079
V2-vista,FireParticleCubeParticleShadowRaster,32,0.0047,0.0051,0.0051,2079
V2-vista,SimParticleSplatParticleRaster,33,0.0068,0.0070,0.0072,2079
V2-vista,GrassStrandSplatParticleRaster,34,0.0002,0.0000,0.0010,2079
V2-vista,FlowerSplatParticleRaster,35,0.0003,0.0000,0.0010,2079
V2-vista,TreeParticleSplatParticleRaster,36,0.0003,0.0000,0.0010,2079
V2-vista,FireParticleSplatParticleRaster,37,0.0004,0.0000,0.0010,2079
V2-vista,TraceSecondaryCompute,38,0.1515,0.1434,0.5837,2079
V2-vista,CalculateReprojectionMapCompute,39,0.0735,0.0717,0.0717,2079
V2-vista,IrcacheScrollCascadesCompute,40,0.0246,0.0246,0.0256,2079
V2-vista,IrcachePrepareAgeDispatchCompute,41,0.0017,0.0020,0.0031,2079
V2-vista,AgeIrcacheEntriesCompute,42,0.0033,0.0031,0.0041,2079
V2-vista,PrefixScan1Compute,43,0.0407,0.0399,0.0410,2079
V2-vista,PrefixScan2Compute,44,0.0028,0.0031,0.0041,2079
V2-vista,PrefixScanMergeCompute,45,0.0086,0.0082,0.0102,2079
V2-vista,IrcacheCompactEntriesCompute,46,0.0020,0.0020,0.0031,2079
V2-vista,IrcachePrepareTraceDispatchCompute,47,0.0042,0.0037,0.0057,2079
V2-vista,IrcacheResetCompute,48,0.0145,0.0141,0.0168,2079
V2-vista,IrcacheTraceAccessCompute,49,0.0407,0.0348,0.1864,2079
V2-vista,IrcacheValidateCompute,50,0.1975,0.1915,0.6063,2079
V2-vista,TraceIrradianceCompute,51,0.1836,0.1782,0.3021,2079
V2-vista,SumUpIrradianceCompute,52,0.0091,0.0082,0.0102,2079
V2-vista,RtdgiFullresReprojectCompute,53,0.0546,0.0522,0.0532,2079
V2-vista,DownscaleCompute,54,0.0277,0.0266,0.0276,2079
V2-vista,DownscaleCompute#2,55,0.0303,0.0287,0.0297,2079
V2-vista,SsaoCompute,56,0.0104,0.0092,0.0113,2079
V2-vista,SsaoSpatialFilterCompute,57,0.0097,0.0092,0.0113,2079
V2-vista,SsaoUpscaleCompute,58,0.0392,0.0379,0.0389,2079
V2-vista,SsaoTemporalFilterCompute,59,0.0565,0.0553,0.0563,2079
V2-vista,DownscaleCompute#3,60,0.0089,0.0085,0.0102,2079
V2-vista,RtdgiValidateCompute,61,0.0372,0.0276,0.1956,2079
V2-vista,RtdgiTraceCompute,62,0.2250,0.2212,0.6680,2079
V2-vista,RtdgiValidityIntegrateCompute,63,0.0866,0.0840,0.0850,2079
V2-vista,RtdgiRestirTemporalCompute,64,0.0425,0.0410,0.0440,2079
V2-vista,RtdgiRestirSpatialCompute,65,0.0502,0.0492,0.0512,2079
V2-vista,RtdgiRestirSpatialCompute#2,66,0.0404,0.0389,0.0399,2079
V2-vista,RtdgiRestirResolveCompute,67,0.0473,0.0451,0.0481,2079
V2-vista,RtdgiTemporalFilterCompute,68,0.2259,0.2273,0.2437,2079
V2-vista,RtdgiSpatialFilterCompute,69,0.1291,0.1219,0.5663,2079
V2-vista,RtrTraceCompute,70,0.0572,0.0543,0.0573,2079
V2-vista,RtrValidateCompute,71,0.0475,0.0461,0.0502,2079
V2-vista,RtrRestirTemporalCompute,72,0.0553,0.0522,0.0553,2079
V2-vista,RtrRestirResolveCompute,73,0.0727,0.0707,0.0727,2079
V2-vista,RtrTemporalFilterCompute,74,0.2187,0.2140,0.6564,2079
V2-vista,RtrSpatialFilterCompute,75,0.0447,0.0430,0.0451,2079
V2-vista,LightGbufferCompute,76,0.2107,0.2038,0.6472,2079
V2-vista,TaaReprojectCompute,77,0.1082,0.1075,0.1157,2079
V2-vista,TaaFilterInputCompute,78,0.1552,0.1526,0.1536,2079
V2-vista,TaaFilterHistoryCompute,79,0.1246,0.1188,0.5612,2079
V2-vista,TaaInputProbCompute,80,0.1952,0.1935,0.6246,2079
V2-vista,TaaProbFilterCompute,81,0.0422,0.0379,0.0655,2079
V2-vista,TaaProbFilter2Compute,82,0.0913,0.0870,0.1024,2079
V2-vista,TaaCompute,83,0.3364,0.3236,0.7762,2079
V2-vista,BlurCompute,84,0.0753,0.0748,0.0768,2079
V2-vista,BlurCompute#2,85,0.0176,0.0174,0.0184,2079
V2-vista,BlurCompute#3,86,0.0072,0.0072,0.0082,2079
V2-vista,BlurCompute#4,87,0.0044,0.0041,0.0051,2079
V2-vista,CalculateHistogramCompute,88,0.0093,0.0092,0.0092,2079
V2-vista,PostprocessingRaster,89,0.0337,0.0338,0.0348,2079
V2-vista,BlurCompute#5,90,0.0047,0.0051,0.0061,2079
V2-vista,ImGuiDraw,91,0.0001,0.0001,0.0001,2079
V2-vista,BlurCompute#6,92,0.0064,0.0065,0.0089,2079
V2-vista,BlurCompute#7,93,0.0040,0.0041,0.0051,2079
V2-vista,BlurCompute#8,94,0.0042,0.0041,0.0051,2079
V2-vista,BlurCompute#9,95,0.0040,0.0041,0.0051,2079
V3-ground,__wall_frame__,-1,12.2672,12.0965,16.2263,1142
V3-ground,__gpu_span__,-1,12.1028,12.0864,15.5587,1142
V3-ground,__gpu_sum__,-1,11.7298,11.7273,15.1605,1142
V3-ground,__gpu_gap__,-1,0.3730,0.3862,0.8608,1142
V3-ground,SkyTransmittanceCompute,0,0.0895,0.0786,0.3177,1142
V3-ground,SkyMultiscatteringCompute,1,0.0835,0.0594,0.3021,1142
V3-ground,SkySkyCompute,2,0.0683,0.0522,0.2888,1142
V3-ground,SkyAeCompute,3,0.0273,0.0195,0.2540,1142
V3-ground,ConvolveCubeCompute,4,0.0665,0.0492,0.2877,1142
V3-ground,GpuInputUpload,5,0.0035,0.0026,0.0137,1142
V3-ground,VoxelWorldPerframeCompute,6,0.0376,0.0257,0.2622,1142
V3-ground,PerChunkCompute,7,0.0102,0.0072,0.2393,1142
V3-ground,ChunkEditCompute,8,0.0015,0.0010,0.0020,1142
V3-ground,ChunkEditPostProcessCompute,9,0.0023,0.0010,0.0020,1142
V3-ground,ChunkOptCompute,10,0.0015,0.0010,0.0020,1142
V3-ground,ChunkOptCompute#2,11,0.0013,0.0010,0.0020,1142
V3-ground,ChunkAllocCompute,12,0.0013,0.0010,0.0020,1142
V3-ground,VoxelParticlePerframeCompute,13,0.0050,0.0031,0.0041,1142
V3-ground,SimParticleSimCompute,14,0.0370,0.0256,0.2635,1142
V3-ground,GpuOutputDownload,15,0.0032,0.0023,0.0136,1142
V3-ground,GrassStrandSimCompute,16,0.0741,0.0573,0.2979,1142
V3-ground,FlowerSimCompute,17,0.1217,0.1024,0.3389,1142
V3-ground,TreeParticleSimCompute,18,0.0090,0.0082,0.0092,1142
V3-ground,FireParticleSimCompute,19,0.0088,0.0072,0.0082,1142
V3-ground,TraceDepthPrepassCompute,20,0.2574,0.2191,0.9995,1142
V3-ground,TracePrimaryCompute,21,0.8865,0.8632,2.6921,1142
V3-ground,R32D32Blit,22,0.0434,0.0430,0.0471,1142
V3-ground,SimParticleCubeParticleRaster,23,0.0005,0.0006,0.0010,1142
V3-ground,SimParticleCubeParticleShadowRaster,24,0.0098,0.0102,0.0102,1142
V3-ground,GrassStrandCubeParticleRaster,25,0.4958,0.4955,0.5129,1142
V3-ground,GrassStrandCubeParticleShadowRaster,26,0.0060,0.0051,0.0061,1142
V3-ground,FlowerCubeParticleRaster,27,0.0415,0.0418,0.0478,1142
V3-ground,FlowerCubeParticleShadowRaster,28,0.0112,0.0113,0.0143,1142
V3-ground,TreeParticleCubeParticleRaster,29,0.0077,0.0072,0.0082,1142
V3-ground,TreeParticleCubeParticleShadowRaster,30,0.0051,0.0051,0.0051,1142
V3-ground,FireParticleCubeParticleRaster,31,0.0070,0.0072,0.0081,1142
V3-ground,FireParticleCubeParticleShadowRaster,32,0.0047,0.0051,0.0051,1142
V3-ground,SimParticleSplatParticleRaster,33,0.0068,0.0070,0.0072,1142
V3-ground,GrassStrandSplatParticleRaster,34,0.0548,0.0550,0.0573,1142
V3-ground,FlowerSplatParticleRaster,35,0.0162,0.0163,0.0174,1142
V3-ground,TreeParticleSplatParticleRaster,36,0.0002,0.0000,0.0010,1142
V3-ground,FireParticleSplatParticleRaster,37,0.0007,0.0006,0.0010,1142
V3-ground,TraceSecondaryCompute,38,0.9981,0.9687,1.4316,1142
V3-ground,CalculateReprojectionMapCompute,39,0.1237,0.1167,0.5612,1142
V3-ground,IrcacheScrollCascadesCompute,40,0.0454,0.0461,0.0471,1142
V3-ground,IrcachePrepareAgeDispatchCompute,41,0.0022,0.0020,0.0031,1142
V3-ground,AgeIrcacheEntriesCompute,42,0.0052,0.0041,0.0061,1142
V3-ground,PrefixScan1Compute,43,0.0408,0.0399,0.0410,1142
V3-ground,PrefixScan2Compute,44,0.0031,0.0031,0.0041,1142
V3-ground,PrefixScanMergeCompute,45,0.0089,0.0092,0.0102,1142
V3-ground,IrcacheCompactEntriesCompute,46,0.0025,0.0020,0.0031,1142
V3-ground,IrcachePrepareTraceDispatchCompute,47,0.0040,0.0036,0.0050,1142
V3-ground,IrcacheResetCompute,48,0.0344,0.0328,0.0359,1142
V3-ground,IrcacheTraceAccessCompute,49,0.1077,0.0850,0.2642,1142
V3-ground,IrcacheValidateCompute,50,0.3742,0.3717,0.4332,1142
V3-ground,TraceIrradianceCompute,51,0.3708,0.3492,0.9165,1142
V3-ground,SumUpIrradianceCompute,52,0.0147,0.0143,0.0167,1142
V3-ground,RtdgiFullresReprojectCompute,53,0.1157,0.1116,0.4137,1142
V3-ground,DownscaleCompute,54,0.0326,0.0317,0.0328,1142
V3-ground,DownscaleCompute#2,55,0.0551,0.0543,0.0573,1142
V3-ground,SsaoCompute,56,0.0157,0.0154,0.0164,1142
V3-ground,SsaoSpatialFilterCompute,57,0.0312,0.0307,0.0328,1142
V3-ground,SsaoUpscaleCompute,58,0.0766,0.0768,0.0778,1142
V3-ground,SsaoTemporalFilterCompute,59,0.0572,0.0563,0.0614,1142
V3-ground,DownscaleCompute#3,60,0.0093,0.0092,0.0113,1142
V3-ground,RtdgiValidateCompute,61,0.1694,0.0666,1.7162,1142
V3-ground,RtdgiTraceCompute,62,2.2125,2.2518,2.8733,1142
V3-ground,RtdgiValidityIntegrateCompute,63,0.0883,0.0840,0.0952,1142
V3-ground,RtdgiRestirTemporalCompute,64,0.3231,0.3072,0.7629,1142
V3-ground,RtdgiRestirSpatialCompute,65,0.1678,0.1587,0.6103,1142
V3-ground,RtdgiRestirSpatialCompute#2,66,0.1257,0.1260,0.1352,1142
V3-ground,RtdgiRestirResolveCompute,67,0.4005,0.4086,0.7066,1142
V3-ground,RtdgiTemporalFilterCompute,68,0.2507,0.2376,0.6943,1142
V3-ground,RtdgiSpatialFilterCompute,69,0.1964,0.1812,0.6410,1142
V3-ground,RtrTraceCompute,70,0.0745,0.0727,0.0809,1142
V3-ground,RtrValidateCompute,71,0.1584,0.1526,0.1925,1142
V3-ground,RtrRestirTemporalCompute,72,0.2348,0.2335,0.2396,1142
V3-ground,RtrRestirResolveCompute,73,0.4681,0.4168,0.9042,1142
V3-ground,RtrTemporalFilterCompute,74,0.2796,0.2796,0.6912,1142
V3-ground,RtrSpatialFilterCompute,75,0.0745,0.0748,0.0840,1142
V3-ground,LightGbufferCompute,76,0.1746,0.1741,0.1782,1142
V3-ground,TaaReprojectCompute,77,0.1084,0.1065,0.1137,1142
V3-ground,TaaFilterInputCompute,78,0.1590,0.1536,0.4618,1142
V3-ground,TaaFilterHistoryCompute,79,0.2008,0.1976,0.6339,1142
V3-ground,TaaInputProbCompute,80,0.1878,0.1802,0.6154,1142
V3-ground,TaaProbFilterCompute,81,0.0389,0.0379,0.0389,1142
V3-ground,TaaProbFilter2Compute,82,0.0904,0.0870,0.0901,1142
V3-ground,TaaCompute,83,0.3356,0.3277,0.6625,1142
V3-ground,BlurCompute,84,0.0740,0.0727,0.0768,1142
V3-ground,BlurCompute#2,85,0.0180,0.0174,0.0195,1142
V3-ground,BlurCompute#3,86,0.0078,0.0072,0.0082,1142
V3-ground,BlurCompute#4,87,0.0046,0.0051,0.0061,1142
V3-ground,CalculateHistogramCompute,88,0.0064,0.0061,0.0072,1142
V3-ground,PostprocessingRaster,89,0.0355,0.0358,0.0369,1142
V3-ground,BlurCompute#5,90,0.0067,0.0061,0.0072,1142
V3-ground,ImGuiDraw,91,0.0001,0.0001,0.0001,1142
V3-ground,BlurCompute#6,92,0.0056,0.0051,0.0081,1142
V3-ground,BlurCompute#7,93,0.0045,0.0041,0.0051,1142
V3-ground,BlurCompute#8,94,0.0047,0.0041,0.0051,1142
V3-ground,BlurCompute#9,95,0.0046,0.0041,0.0051,1142
V4-island-down,__wall_frame__,-1,7.7020,7.6591,8.5168,1818
V4-island-down,__gpu_span__,-1,7.6574,7.6547,8.2759,1818
V4-island-down,__gpu_sum__,-1,7.4054,7.3893,8.0218,1818
V4-island-down,__gpu_gap__,-1,0.2521,0.2243,0.7469,1818
V4-island-down,SkyTransmittanceCompute,0,0.0850,0.0798,0.3123,1818
V4-island-down,SkyMultiscatteringCompute,1,0.0714,0.0594,0.2961,1818
V4-island-down,SkySkyCompute,2,0.0645,0.0512,0.2851,1818
V4-island-down,SkyAeCompute,3,0.0256,0.0195,0.2509,1818
V4-island-down,ConvolveCubeCompute,4,0.0675,0.0492,0.2845,1818
V4-island-down,GpuInputUpload,5,0.0038,0.0025,0.0138,1818
V4-island-down,VoxelWorldPerframeCompute,6,0.0248,0.0172,0.2514,1818
V4-island-down,PerChunkCompute,7,0.0104,0.0072,0.2394,1818
V4-island-down,ChunkEditCompute,8,0.0007,0.0010,0.0020,1818
V4-island-down,ChunkEditPostProcessCompute,9,0.0025,0.0010,0.0020,1818
V4-island-down,ChunkOptCompute,10,0.0015,0.0010,0.0020,1818
V4-island-down,ChunkOptCompute#2,11,0.0013,0.0010,0.0020,1818
V4-island-down,ChunkAllocCompute,12,0.0006,0.0010,0.0020,1818
V4-island-down,VoxelParticlePerframeCompute,13,0.0033,0.0031,0.0041,1818
V4-island-down,SimParticleSimCompute,14,0.0368,0.0256,0.2611,1818
V4-island-down,GpuOutputDownload,15,0.0032,0.0023,0.0136,1818
V4-island-down,GrassStrandSimCompute,16,0.0626,0.0492,0.2852,1818
V4-island-down,FlowerSimCompute,17,0.0832,0.0666,0.3007,1818
V4-island-down,TreeParticleSimCompute,18,0.0104,0.0082,0.0102,1818
V4-island-down,FireParticleSimCompute,19,0.0082,0.0072,0.0082,1818
V4-island-down,TraceDepthPrepassCompute,20,0.5596,0.4454,1.1621,1818
V4-island-down,TracePrimaryCompute,21,1.4425,1.4367,1.8828,1818
V4-island-down,R32D32Blit,22,0.0364,0.0358,0.0389,1818
V4-island-down,SimParticleCubeParticleRaster,23,0.0005,0.0006,0.0010,1818
V4-island-down,SimParticleCubeParticleShadowRaster,24,0.0098,0.0102,0.0102,1818
V4-island-down,GrassStrandCubeParticleRaster,25,0.0074,0.0072,0.0081,1818
V4-island-down,GrassStrandCubeParticleShadowRaster,26,0.0051,0.0051,0.0051,1818
V4-island-down,FlowerCubeParticleRaster,27,0.0080,0.0080,0.0088,1818
V4-island-down,FlowerCubeParticleShadowRaster,28,0.0198,0.0195,0.0205,1818
V4-island-down,TreeParticleCubeParticleRaster,29,0.0071,0.0072,0.0080,1818
V4-island-down,TreeParticleCubeParticleShadowRaster,30,0.0047,0.0051,0.0051,1818
V4-island-down,FireParticleCubeParticleRaster,31,0.0070,0.0071,0.0072,1818
V4-island-down,FireParticleCubeParticleShadowRaster,32,0.0047,0.0051,0.0051,1818
V4-island-down,SimParticleSplatParticleRaster,33,0.0068,0.0069,0.0072,1818
V4-island-down,GrassStrandSplatParticleRaster,34,0.1016,0.1014,0.1034,1818
V4-island-down,FlowerSplatParticleRaster,35,0.0255,0.0256,0.0273,1818
V4-island-down,TreeParticleSplatParticleRaster,36,0.0003,0.0000,0.0010,1818
V4-island-down,FireParticleSplatParticleRaster,37,0.0008,0.0007,0.0010,1818
V4-island-down,TraceSecondaryCompute,38,0.3436,0.3338,0.7967,1818
V4-island-down,CalculateReprojectionMapCompute,39,0.0799,0.0768,0.0778,1818
V4-island-down,IrcacheScrollCascadesCompute,40,0.0250,0.0246,0.0256,1818
V4-island-down,IrcachePrepareAgeDispatchCompute,41,0.0019,0.0020,0.0031,1818
V4-island-down,AgeIrcacheEntriesCompute,42,0.0035,0.0031,0.0051,1818
V4-island-down,PrefixScan1Compute,43,0.0403,0.0399,0.0410,1818
V4-island-down,PrefixScan2Compute,44,0.0027,0.0031,0.0041,1818
V4-island-down,PrefixScanMergeCompute,45,0.0086,0.0082,0.0092,1818
V4-island-down,IrcacheCompactEntriesCompute,46,0.0021,0.0020,0.0031,1818
V4-island-down,IrcachePrepareTraceDispatchCompute,47,0.0038,0.0037,0.0067,1818
V4-island-down,IrcacheResetCompute,48,0.0144,0.0141,0.0166,1818
V4-island-down,IrcacheTraceAccessCompute,49,0.0520,0.0512,0.0676,1818
V4-island-down,IrcacheValidateCompute,50,0.2255,0.2120,0.6666,1818
V4-island-down,TraceIrradianceCompute,51,0.2113,0.2028,0.6172,1818
V4-island-down,SumUpIrradianceCompute,52,0.0089,0.0082,0.0102,1818
V4-island-down,RtdgiFullresReprojectCompute,53,0.0622,0.0594,0.0666,1818
V4-island-down,DownscaleCompute,54,0.0274,0.0276,0.0276,1818
V4-island-down,DownscaleCompute#2,55,0.0330,0.0328,0.0348,1818
V4-island-down,SsaoCompute,56,0.0105,0.0102,0.0113,1818
V4-island-down,SsaoSpatialFilterCompute,57,0.0112,0.0113,0.0123,1818
V4-island-down,SsaoUpscaleCompute,58,0.0446,0.0430,0.0451,1818
V4-island-down,SsaoTemporalFilterCompute,59,0.0560,0.0553,0.0563,1818
V4-island-down,DownscaleCompute#3,60,0.0084,0.0084,0.0102,1818
V4-island-down,RtdgiValidateCompute,61,0.0479,0.0317,0.2990,1818
V4-island-down,RtdgiTraceCompute,62,0.5445,0.5386,1.0895,1818
V4-island-down,RtdgiValidityIntegrateCompute,63,0.0850,0.0840,0.0850,1818
V4-island-down,RtdgiRestirTemporalCompute,64,0.0757,0.0748,0.0799,1818
V4-island-down,RtdgiRestirSpatialCompute,65,0.0640,0.0625,0.0645,1818
V4-island-down,RtdgiRestirSpatialCompute#2,66,0.0489,0.0481,0.0502,1818
V4-island-down,RtdgiRestirResolveCompute,67,0.0852,0.0829,0.0860,1818
V4-island-down,RtdgiTemporalFilterCompute,68,0.2200,0.2263,0.6687,1818
V4-island-down,RtdgiSpatialFilterCompute,69,0.1304,0.1280,0.1362,1818
V4-island-down,RtrTraceCompute,70,0.0583,0.0573,0.0666,1818
V4-island-down,RtrValidateCompute,71,0.0569,0.0553,0.0625,1818
V4-island-down,RtrRestirTemporalCompute,72,0.0779,0.0737,0.0778,1818
V4-island-down,RtrRestirResolveCompute,73,0.1247,0.1188,0.5519,1818
V4-island-down,RtrTemporalFilterCompute,74,0.2288,0.2284,0.6595,1818
V4-island-down,RtrSpatialFilterCompute,75,0.0469,0.0451,0.0461,1818
V4-island-down,LightGbufferCompute,76,0.2007,0.1946,0.5018,1818
V4-island-down,TaaReprojectCompute,77,0.1064,0.1065,0.1106,1818
V4-island-down,TaaFilterInputCompute,78,0.1547,0.1516,0.1536,1818
V4-island-down,TaaFilterHistoryCompute,79,0.1240,0.1208,0.1219,1818
V4-island-down,TaaInputProbCompute,80,0.1909,0.1843,0.6461,1818
V4-island-down,TaaProbFilterCompute,81,0.0392,0.0379,0.0389,1818
V4-island-down,TaaProbFilter2Compute,82,0.0905,0.0881,0.0901,1818
V4-island-down,TaaCompute,83,0.3385,0.3287,0.7799,1818
V4-island-down,BlurCompute,84,0.0778,0.0748,0.0778,1818
V4-island-down,BlurCompute#2,85,0.0174,0.0164,0.0195,1818
V4-island-down,BlurCompute#3,86,0.0075,0.0072,0.0082,1818
V4-island-down,BlurCompute#4,87,0.0044,0.0041,0.0051,1818
V4-island-down,CalculateHistogramCompute,88,0.0088,0.0092,0.0092,1818
V4-island-down,PostprocessingRaster,89,0.0343,0.0338,0.0348,1818
V4-island-down,BlurCompute#5,90,0.0051,0.0051,0.0072,1818
V4-island-down,ImGuiDraw,91,0.0001,0.0001,0.0001,1818
V4-island-down,BlurCompute#6,92,0.0064,0.0065,0.0090,1818
V4-island-down,BlurCompute#7,93,0.0039,0.0041,0.0051,1818
V4-island-down,BlurCompute#8,94,0.0042,0.0041,0.0051,1818
V4-island-down,BlurCompute#9,95,0.0040,0.0041,0.0051,1818
V5-sky-up,__wall_frame__,-1,6.8657,6.7961,7.5220,2039
V5-sky-up,__gpu_span__,-1,6.8253,6.7435,7.3179,2039
V5-sky-up,__gpu_sum__,-1,6.5991,6.5029,7.0599,2039
V5-sky-up,__gpu_gap__,-1,0.2262,0.1959,0.7048,2039
V5-sky-up,SkyTransmittanceCompute,0,0.0881,0.0795,0.3123,2039
V5-sky-up,SkyMultiscatteringCompute,1,0.0770,0.0594,0.2939,2039
V5-sky-up,SkySkyCompute,2,0.0671,0.0512,0.2836,2039
V5-sky-up,SkyAeCompute,3,0.0256,0.0195,0.2509,2039
V5-sky-up,ConvolveCubeCompute,4,0.0629,0.0492,0.2826,2039
V5-sky-up,GpuInputUpload,5,0.0035,0.0025,0.0139,2039
V5-sky-up,VoxelWorldPerframeCompute,6,0.0513,0.0401,0.2719,2039
V5-sky-up,PerChunkCompute,7,0.0098,0.0072,0.2356,2039
V5-sky-up,ChunkEditCompute,8,0.0010,0.0010,0.0020,2039
V5-sky-up,ChunkEditPostProcessCompute,9,0.0017,0.0010,0.0020,2039
V5-sky-up,ChunkOptCompute,10,0.0010,0.0010,0.0020,2039
V5-sky-up,ChunkOptCompute#2,11,0.0010,0.0010,0.0020,2039
V5-sky-up,ChunkAllocCompute,12,0.0007,0.0010,0.0020,2039
V5-sky-up,VoxelParticlePerframeCompute,13,0.0030,0.0031,0.0041,2039
V5-sky-up,SimParticleSimCompute,14,0.0313,0.0256,0.2580,2039
V5-sky-up,GpuOutputDownload,15,0.0032,0.0023,0.0136,2039
V5-sky-up,GrassStrandSimCompute,16,0.0696,0.0567,0.2928,2039
V5-sky-up,FlowerSimCompute,17,0.0883,0.0737,0.3057,2039
V5-sky-up,TreeParticleSimCompute,18,0.0111,0.0082,0.0102,2039
V5-sky-up,FireParticleSimCompute,19,0.0048,0.0031,0.0041,2039
V5-sky-up,TraceDepthPrepassCompute,20,0.4501,0.3594,0.9851,2039
V5-sky-up,TracePrimaryCompute,21,1.6257,1.5442,2.1883,2039
V5-sky-up,R32D32Blit,22,0.0356,0.0358,0.0369,2039
V5-sky-up,SimParticleCubeParticleRaster,23,0.0005,0.0007,0.0010,2039
V5-sky-up,SimParticleCubeParticleShadowRaster,24,0.0097,0.0102,0.0102,2039
V5-sky-up,GrassStrandCubeParticleRaster,25,0.0075,0.0072,0.0082,2039
V5-sky-up,GrassStrandCubeParticleShadowRaster,26,0.0049,0.0051,0.0051,2039
V5-sky-up,FlowerCubeParticleRaster,27,0.0085,0.0082,0.0113,2039
V5-sky-up,FlowerCubeParticleShadowRaster,28,0.0051,0.0051,0.0061,2039
V5-sky-up,TreeParticleCubeParticleRaster,29,0.0070,0.0072,0.0078,2039
V5-sky-up,TreeParticleCubeParticleShadowRaster,30,0.0047,0.0051,0.0051,2039
V5-sky-up,FireParticleCubeParticleRaster,31,0.0070,0.0072,0.0072,2039
V5-sky-up,FireParticleCubeParticleShadowRaster,32,0.0047,0.0051,0.0051,2039
V5-sky-up,SimParticleSplatParticleRaster,33,0.0068,0.0069,0.0072,2039
V5-sky-up,GrassStrandSplatParticleRaster,34,0.0002,0.0000,0.0010,2039
V5-sky-up,FlowerSplatParticleRaster,35,0.0002,0.0000,0.0009,2039
V5-sky-up,TreeParticleSplatParticleRaster,36,0.0002,0.0000,0.0010,2039
V5-sky-up,FireParticleSplatParticleRaster,37,0.0005,0.0007,0.0010,2039
V5-sky-up,TraceSecondaryCompute,38,0.1307,0.1280,0.1341,2039
V5-sky-up,CalculateReprojectionMapCompute,39,0.0757,0.0717,0.0727,2039
V5-sky-up,IrcacheScrollCascadesCompute,40,0.0246,0.0246,0.0256,2039
V5-sky-up,IrcachePrepareAgeDispatchCompute,41,0.0019,0.0020,0.0031,2039
V5-sky-up,AgeIrcacheEntriesCompute,42,0.0037,0.0041,0.0051,2039
V5-sky-up,PrefixScan1Compute,43,0.0401,0.0399,0.0410,2039
V5-sky-up,PrefixScan2Compute,44,0.0028,0.0031,0.0041,2039
V5-sky-up,PrefixScanMergeCompute,45,0.0086,0.0082,0.0102,2039
V5-sky-up,IrcacheCompactEntriesCompute,46,0.0019,0.0020,0.0031,2039
V5-sky-up,IrcachePrepareTraceDispatchCompute,47,0.0043,0.0038,0.0051,2039
V5-sky-up,IrcacheResetCompute,48,0.0161,0.0159,0.0181,2039
V5-sky-up,IrcacheTraceAccessCompute,49,0.0704,0.0553,0.2304,2039
V5-sky-up,IrcacheValidateCompute,50,0.2348,0.2222,0.6813,2039
V5-sky-up,TraceIrradianceCompute,51,0.2468,0.2365,0.6921,2039
V5-sky-up,SumUpIrradianceCompute,52,0.0090,0.0082,0.0102,2039
V5-sky-up,RtdgiFullresReprojectCompute,53,0.0482,0.0430,0.0502,2039
V5-sky-up,DownscaleCompute,54,0.0275,0.0266,0.0266,2039
V5-sky-up,DownscaleCompute#2,55,0.0302,0.0287,0.0297,2039
V5-sky-up,SsaoCompute,56,0.0103,0.0102,0.0113,2039
V5-sky-up,SsaoSpatialFilterCompute,57,0.0099,0.0092,0.0113,2039
V5-sky-up,SsaoUpscaleCompute,58,0.0398,0.0379,0.0389,2039
V5-sky-up,SsaoTemporalFilterCompute,59,0.0544,0.0532,0.0553,2039
V5-sky-up,DownscaleCompute#3,60,0.0075,0.0080,0.0102,2039
V5-sky-up,RtdgiValidateCompute,61,0.0346,0.0276,0.1423,2039
V5-sky-up,RtdgiTraceCompute,62,0.1777,0.1782,0.6199,2039
V5-sky-up,RtdgiValidityIntegrateCompute,63,0.0872,0.0840,0.0860,2039
V5-sky-up,RtdgiRestirTemporalCompute,64,0.0438,0.0410,0.0440,2039
V5-sky-up,RtdgiRestirSpatialCompute,65,0.0495,0.0492,0.0502,2039
V5-sky-up,RtdgiRestirSpatialCompute#2,66,0.0402,0.0389,0.0399,2039
V5-sky-up,RtdgiRestirResolveCompute,67,0.0468,0.0451,0.0471,2039
V5-sky-up,RtdgiTemporalFilterCompute,68,0.2152,0.1946,0.6605,2039
V5-sky-up,RtdgiSpatialFilterCompute,69,0.1285,0.1229,0.5775,2039
V5-sky-up,RtrTraceCompute,70,0.0563,0.0543,0.0666,2039
V5-sky-up,RtrValidateCompute,71,0.0439,0.0410,0.0625,2039
V5-sky-up,RtrRestirTemporalCompute,72,0.0519,0.0512,0.0553,2039
V5-sky-up,RtrRestirResolveCompute,73,0.0722,0.0707,0.0727,2039
V5-sky-up,RtrTemporalFilterCompute,74,0.2185,0.2089,0.6789,2039
V5-sky-up,RtrSpatialFilterCompute,75,0.0444,0.0430,0.0451,2039
V5-sky-up,LightGbufferCompute,76,0.2100,0.2038,0.6728,2039
V5-sky-up,TaaReprojectCompute,77,0.1049,0.1014,0.1075,2039
V5-sky-up,TaaFilterInputCompute,78,0.1576,0.1516,0.6205,2039
V5-sky-up,TaaFilterHistoryCompute,79,0.1228,0.1188,0.1208,2039
V5-sky-up,TaaInputProbCompute,80,0.1870,0.1741,0.6277,2039
V5-sky-up,TaaProbFilterCompute,81,0.0390,0.0379,0.0389,2039
V5-sky-up,TaaProbFilter2Compute,82,0.0908,0.0870,0.0891,2039
V5-sky-up,TaaCompute,83,0.3236,0.3092,0.7844,2039
V5-sky-up,BlurCompute,84,0.0772,0.0737,0.0778,2039
V5-sky-up,BlurCompute#2,85,0.0171,0.0164,0.0195,2039
V5-sky-up,BlurCompute#3,86,0.0070,0.0072,0.0082,2039
V5-sky-up,BlurCompute#4,87,0.0048,0.0041,0.0051,2039
V5-sky-up,CalculateHistogramCompute,88,0.0085,0.0082,0.0092,2039
V5-sky-up,PostprocessingRaster,89,0.0336,0.0338,0.0348,2039
V5-sky-up,BlurCompute#5,90,0.0054,0.0051,0.0061,2039
V5-sky-up,ImGuiDraw,91,0.0001,0.0001,0.0001,2039
V5-sky-up,BlurCompute#6,92,0.0067,0.0066,0.0086,2039
V5-sky-up,BlurCompute#7,93,0.0041,0.0041,0.0051,2039
V5-sky-up,BlurCompute#8,94,0.0043,0.0041,0.0051,2039
V5-sky-up,BlurCompute#9,95,0.0040,0.0041,0.0051,2039
